#
# There is insufficient memory for the Java Runtime Environment to continue.
# Native memory allocation (malloc) failed to allocate 1425776 bytes. Error detail: Chunk::new
# Possible reasons:
#   The system is out of physical RAM or swap space
#   This process is running with CompressedOops enabled, and the Java Heap may be blocking the growth of the native heap
# Possible solutions:
#   Reduce memory load on the system
#   Increase physical memory or swap space
#   Check if swap backing store is full
#   Decrease Java heap size (-Xmx/-Xms)
#   Decrease number of Java threads
#   Decrease Java thread stack sizes (-Xss)
#   Set larger code cache with -XX:ReservedCodeCacheSize=
#   JVM is running with Unscaled Compressed Oops mode in which the Java heap is
#     placed in the first 4GB address space. The Java Heap base address is the
#     maximum limit for the native heap growth. Please use -XX:HeapBaseMinAddress
#     to set the Java Heap base and to place the Java Heap above 4GB virtual address.
# This output file may be truncated or incomplete.
#
#  Out of Memory Error (arena.cpp:168), pid=30224, tid=53148
#
# JRE version: OpenJDK Runtime Environment (21.0.9) (build 21.0.9+-14787801-b1163.94)
# Java VM: OpenJDK 64-Bit Server VM (21.0.9+-14787801-b1163.94, mixed mode, tiered, compressed oops, compressed class ptrs, g1 gc, windows-amd64)
# No core dump will be written. Minidumps are not enabled by default on client versions of Windows
#

---------------  S U M M A R Y ------------

Command Line: --add-opens=java.base/java.lang=ALL-UNNAMED --add-opens=java.base/java.lang.invoke=ALL-UNNAMED --add-opens=java.base/java.util=ALL-UNNAMED --add-opens=java.prefs/java.util.prefs=ALL-UNNAMED --add-exports=jdk.compiler/com.sun.tools.javac.api=ALL-UNNAMED --add-exports=jdk.compiler/com.sun.tools.javac.util=ALL-UNNAMED --add-opens=java.base/java.util=ALL-UNNAMED --add-opens=java.prefs/java.util.prefs=ALL-UNNAMED --add-opens=java.base/java.nio.charset=ALL-UNNAMED --add-opens=java.base/java.net=ALL-UNNAMED --add-opens=java.base/java.util.concurrent.atomic=ALL-UNNAMED --add-opens=java.xml/javax.xml.namespace=ALL-UNNAMED -Xmx2048m -Dfile.encoding=UTF-8 -Duser.country=CN -Duser.language=zh -Duser.variant -javaagent:C:\Users\QFDY\.gradle\wrapper\dists\gradle-8.11.1-bin\bpt9gzteqjrbo1mjrsomdt32c\gradle-8.11.1\lib\agents\gradle-instrumentation-agent-8.11.1.jar org.gradle.launcher.daemon.bootstrap.GradleDaemon 8.11.1

Host: 13th Gen Intel(R) Core(TM) i5-13500HX, 20 cores, 15G,  Windows 11 , 64 bit Build 26100 (10.0.26100.7309)
Time: Mon May 18 21:27:39 2026 elapsed time: 9182.416277 seconds (0d 2h 33m 2s)

---------------  T H R E A D  ---------------

Current thread (0x0000025a8fbd29a0):  JavaThread "C2 CompilerThread0" daemon [_thread_in_native, id=53148, stack(0x00000088e8500000,0x00000088e8600000) (1024K)]


Current CompileTask:
C2:9182418 147376   !   4       org.gradle.internal.typeconversion.MapNotationConverter::parseType (269 bytes)

Stack: [0x00000088e8500000,0x00000088e8600000]
Native frames: (J=compiled Java code, j=interpreted, Vv=VM code, C=native code)
V  [jvm.dll+0x6d6c99]
V  [jvm.dll+0x866b83]
V  [jvm.dll+0x8691ae]
V  [jvm.dll+0x869893]
V  [jvm.dll+0x280776]
V  [jvm.dll+0xc07cd]
V  [jvm.dll+0xc0d03]
V  [jvm.dll+0x3b9831]
V  [jvm.dll+0x3856a7]
V  [jvm.dll+0x384b1a]
V  [jvm.dll+0x249462]
V  [jvm.dll+0x248a31]
V  [jvm.dll+0x1c7344]
V  [jvm.dll+0x2581ae]
V  [jvm.dll+0x2566f6]
V  [jvm.dll+0x3f48a6]
V  [jvm.dll+0x80f118]
V  [jvm.dll+0x6d54ed]
C  [ucrtbase.dll+0x37b0]
C  [KERNEL32.DLL+0x2e8d7]
C  [ntdll.dll+0x8c53c]


---------------  P R O C E S S  ---------------

Threads class SMR info:
_java_thread_list=0x0000025aa7a16b40, length=163, elements={
0x0000025af72fe000, 0x0000025a8fb83b00, 0x0000025a8fb84560, 0x0000025a8fb85240,
0x0000025a8fbe5bf0, 0x0000025a8fbe6650, 0x0000025a8fbcdbe0, 0x0000025a8fbcf1b0,
0x0000025a8fbd29a0, 0x0000025a8fbe7a40, 0x0000025a940b2540, 0x0000025a952d1060,
0x0000025a960fc3b0, 0x0000025a96489de0, 0x0000025a96d1e400, 0x0000025a96d1c9c0,
0x0000025a96d1d6e0, 0x0000025a96d1bca0, 0x0000025a96dda720, 0x0000025a96ddc7f0,
0x0000025a9b7212f0, 0x0000025a9429e850, 0x0000025aa32e1c90, 0x0000025aa32e2320,
0x0000025aa60bfad0, 0x0000025aa60b7790, 0x0000025a96d1dd70, 0x0000025aa60af450,
0x0000025aa60ba580, 0x0000025aa60b8b40, 0x0000025aa60a63f0, 0x0000025aa5a012b0,
0x0000025aa619deb0, 0x0000025aa297ec20, 0x0000025a9ab305d0, 0x0000025aa2f41010,
0x0000025aa54ec090, 0x0000025aa64c2600, 0x0000025a9cbc9660, 0x0000025aa64c3320,
0x0000025aa44b4e20, 0x0000025aa32d0750, 0x0000025aa422d4b0, 0x0000025aa7365cd0,
0x0000025aa422ce20, 0x0000025aa289cd00, 0x0000025a9ab2ff40, 0x0000025a99c6afa0,
0x0000025aa289a5a0, 0x0000025a9d04f650, 0x0000025a9ab2f8b0, 0x0000025aa2293450,
0x0000025a9cbc7590, 0x0000025a9cb3e150, 0x0000025a97586820, 0x0000025aa2e74f80,
0x0000025aa26ef080, 0x0000025a94404300, 0x0000025aaf4583c0, 0x0000025a97345440,
0x0000025a97343370, 0x0000025a99c6dd90, 0x0000025a99005340, 0x0000025a9cb3e7e0,
0x0000025aa32f8c10, 0x0000025aa22f00c0, 0x0000025aa5390940, 0x0000025aa39b5340,
0x0000025aaf457010, 0x0000025aa2f4c4c0, 0x0000025aa27e41d0, 0x0000025aa4ffd4f0,
0x0000025aa3f34e10, 0x0000025a95a12710, 0x0000025aa5243ce0, 0x0000025a95c5d170,
0x0000025aa3177e20, 0x0000025aa3179860, 0x0000025a95a12080, 0x0000025a9d114c80,
0x0000025a95a10640, 0x0000025a9bf01ca0, 0x0000025aa7a81630, 0x0000025a99007410,
0x0000025aa2946b30, 0x0000025aa5a02660, 0x0000025a95a11360, 0x0000025aa2c88db0,
0x0000025aa7a81cc0, 0x0000025aa2c88090, 0x0000025a95c5d800, 0x0000025aa394b250,
0x0000025aa2950b60, 0x0000025aa2c8a160, 0x0000025a95c5c450, 0x0000025aa7e73060,
0x0000025a9a4fc7f0, 0x0000025aa52e23f0, 0x0000025a9d115310, 0x0000025aa297f2b0,
0x0000025aa4ffce60, 0x0000025aa52e37a0, 0x0000025aa2949920, 0x0000025a9aa54ff0,
0x0000025aa2f416a0, 0x0000025a9b2464f0, 0x0000025aa51005e0, 0x0000025aa2f43770,
0x0000025a99006060, 0x0000025aa5101990, 0x0000025aa7a80280, 0x0000025aa7a84420,
0x0000025aa422b3e0, 0x0000025a9a499cb0, 0x0000025aa619f260, 0x0000025a94402230,
0x0000025a9a497be0, 0x0000025a9a49a9d0, 0x0000025a944028c0, 0x0000025aae1bc8e0,
0x0000025aae1bf040, 0x0000025aae1be9b0, 0x0000025aae1bfd60, 0x0000025aae1bcf70,
0x0000025aa619ebd0, 0x0000025aa619d190, 0x0000025aa619bde0, 0x0000025aa619c470,
0x0000025aa619cb00, 0x0000025aa619d820, 0x0000025a99c6c350, 0x0000025a99c6c9e0,
0x0000025a94402f50, 0x0000025a944035e0, 0x0000025aae1bf6d0, 0x0000025aae1c03f0,
0x0000025aae1bd600, 0x0000025aae1c0a80, 0x0000025aae1c1110, 0x0000025aae1bdc90,
0x0000025aae1c3870, 0x0000025aae1c24c0, 0x0000025aae1c2b50, 0x0000025a99c6d070,
0x0000025a99c6d700, 0x0000025a99c6b630, 0x0000025a99c6e420, 0x0000025a99c6bcc0,
0x0000025aa41d9100, 0x0000025aa41d9790, 0x0000025aa41d69a0, 0x0000025aa41d6310,
0x0000025aa41d83e0, 0x0000025aa41d7030, 0x0000025aa41d76c0, 0x0000025aa41d7d50,
0x0000025aa41d8a70, 0x0000025a9d605b20, 0x0000025a9d6061b0, 0x0000025a9d604e00,
0x0000025a9d606840, 0x0000025a9d606ed0, 0x0000025aa32e29b0
}

Java Threads: ( => current thread )
  0x0000025af72fe000 JavaThread "main"                              [_thread_blocked, id=76408, stack(0x00000088e7600000,0x00000088e7700000) (1024K)]
  0x0000025a8fb83b00 JavaThread "Common-Cleaner"             daemon [_thread_blocked, id=18536, stack(0x00000088e7e00000,0x00000088e7f00000) (1024K)]
  0x0000025a8fb84560 JavaThread "Reference Handler"          daemon [_thread_blocked, id=59944, stack(0x00000088e7f00000,0x00000088e8000000) (1024K)]
  0x0000025a8fb85240 JavaThread "Finalizer"                  daemon [_thread_blocked, id=72060, stack(0x00000088e8000000,0x00000088e8100000) (1024K)]
  0x0000025a8fbe5bf0 JavaThread "Signal Dispatcher"          daemon [_thread_blocked, id=45908, stack(0x00000088e8100000,0x00000088e8200000) (1024K)]
  0x0000025a8fbe6650 JavaThread "Attach Listener"            daemon [_thread_blocked, id=3236, stack(0x00000088e8200000,0x00000088e8300000) (1024K)]
  0x0000025a8fbcdbe0 JavaThread "Service Thread"             daemon [_thread_blocked, id=70680, stack(0x00000088e8300000,0x00000088e8400000) (1024K)]
  0x0000025a8fbcf1b0 JavaThread "Monitor Deflation Thread"   daemon [_thread_blocked, id=16596, stack(0x00000088e8400000,0x00000088e8500000) (1024K)]
=>0x0000025a8fbd29a0 JavaThread "C2 CompilerThread0"         daemon [_thread_in_native, id=53148, stack(0x00000088e8500000,0x00000088e8600000) (1024K)]
  0x0000025a8fbe7a40 JavaThread "C1 CompilerThread0"         daemon [_thread_blocked, id=3720, stack(0x00000088e8600000,0x00000088e8700000) (1024K)]
  0x0000025a940b2540 JavaThread "Notification Thread"        daemon [_thread_blocked, id=26952, stack(0x00000088e8a00000,0x00000088e8b00000) (1024K)]
  0x0000025a952d1060 JavaThread "Daemon health stats"               [_thread_blocked, id=5804, stack(0x00000088e9300000,0x00000088e9400000) (1024K)]
  0x0000025a960fc3b0 JavaThread "Incoming local TCP Connector on port 5168"        [_thread_in_native, id=8592, stack(0x00000088e9500000,0x00000088e9600000) (1024K)]
  0x0000025a96489de0 JavaThread "Daemon periodic checks"            [_thread_blocked, id=41808, stack(0x00000088e9600000,0x00000088e9700000) (1024K)]
  0x0000025a96d1e400 JavaThread "Cache worker for journal cache (C:\Users\QFDY\.gradle\caches\journal-1)"        [_thread_blocked, id=64976, stack(0x00000088eaa00000,0x00000088eab00000) (1024K)]
  0x0000025a96d1c9c0 JavaThread "File lock request listener"        [_thread_in_native, id=66708, stack(0x00000088e9400000,0x00000088e9500000) (1024K)]
  0x0000025a96d1d6e0 JavaThread "Cache worker for file hash cache (C:\Users\QFDY\.gradle\caches\8.11.1\fileHashes)"        [_thread_blocked, id=12312, stack(0x00000088eab00000,0x00000088eac00000) (1024K)]
  0x0000025a96d1bca0 JavaThread "Cache worker for file content cache (C:\Users\QFDY\.gradle\caches\8.11.1\fileContent)"        [_thread_blocked, id=32524, stack(0x00000088eac00000,0x00000088ead00000) (1024K)]
  0x0000025a96dda720 JavaThread "File watcher server"        daemon [_thread_in_native, id=75744, stack(0x00000088eaf00000,0x00000088eb000000) (1024K)]
  0x0000025a96ddc7f0 JavaThread "File watcher consumer"      daemon [_thread_blocked, id=48548, stack(0x00000088eb000000,0x00000088eb100000) (1024K)]
  0x0000025a9b7212f0 JavaThread "Memory manager"                    [_thread_blocked, id=9700, stack(0x00000088e8c00000,0x00000088e8d00000) (1024K)]
  0x0000025a9429e850 JavaThread "pool-3-thread-1"                   [_thread_blocked, id=74500, stack(0x00000088ef000000,0x00000088ef100000) (1024K)]
  0x0000025aa32e1c90 JavaThread "RMI Scheduler(0)"           daemon [_thread_blocked, id=7608, stack(0x00000088eef00000,0x00000088ef000000) (1024K)]
  0x0000025aa32e2320 JavaThread "RMI TCP Accept-0"           daemon [_thread_in_native, id=15964, stack(0x00000088f9a00000,0x00000088f9b00000) (1024K)]
  0x0000025aa60bfad0 JavaThread "Cache worker for Java compile cache (C:\Users\QFDY\.gradle\caches\8.11.1\javaCompile)"        [_thread_blocked, id=33552, stack(0x00000088e8b00000,0x00000088e8c00000) (1024K)]
  0x0000025aa60b7790 JavaThread "pool-7-thread-1"                   [_thread_blocked, id=52844, stack(0x00000088edd00000,0x00000088ede00000) (1024K)]
  0x0000025a96d1dd70 JavaThread "pool-10-thread-1"                  [_thread_blocked, id=47416, stack(0x00000088eda00000,0x00000088edb00000) (1024K)]
  0x0000025aa60af450 JavaThread "pool-13-thread-1"                  [_thread_blocked, id=79108, stack(0x00000088ede00000,0x00000088edf00000) (1024K)]
  0x0000025aa60ba580 JavaThread "pool-16-thread-1"                  [_thread_blocked, id=55228, stack(0x00000088edc00000,0x00000088edd00000) (1024K)]
  0x0000025aa60b8b40 JavaThread "pool-19-thread-1"                  [_thread_blocked, id=45444, stack(0x00000088edb00000,0x00000088edc00000) (1024K)]
  0x0000025aa60a63f0 JavaThread "pool-22-thread-1"                  [_thread_blocked, id=25704, stack(0x00000088ee000000,0x00000088ee100000) (1024K)]
  0x0000025aa5a012b0 JavaThread "pool-27-thread-1"                  [_thread_blocked, id=21820, stack(0x00000088ed900000,0x00000088eda00000) (1024K)]
  0x0000025aa619deb0 JavaThread "pool-30-thread-1"                  [_thread_blocked, id=66984, stack(0x00000088edf00000,0x00000088ee000000) (1024K)]
  0x0000025aa297ec20 JavaThread "pool-33-thread-1"                  [_thread_blocked, id=73228, stack(0x00000088ee200000,0x00000088ee300000) (1024K)]
  0x0000025a9ab305d0 JavaThread "pool-36-thread-1"                  [_thread_blocked, id=22816, stack(0x00000088e9c00000,0x00000088e9d00000) (1024K)]
  0x0000025aa2f41010 JavaThread "pool-39-thread-1"                  [_thread_blocked, id=11012, stack(0x00000088ee300000,0x00000088ee400000) (1024K)]
  0x0000025aa54ec090 JavaThread "pool-42-thread-1"                  [_thread_blocked, id=53216, stack(0x00000088ee100000,0x00000088ee200000) (1024K)]
  0x0000025aa64c2600 JavaThread "pool-45-thread-1"                  [_thread_blocked, id=22856, stack(0x00000088ed800000,0x00000088ed900000) (1024K)]
  0x0000025a9cbc9660 JavaThread "pool-48-thread-1"                  [_thread_blocked, id=67380, stack(0x00000088ed700000,0x00000088ed800000) (1024K)]
  0x0000025aa64c3320 JavaThread "pool-51-thread-1"                  [_thread_blocked, id=31720, stack(0x00000088ee700000,0x00000088ee800000) (1024K)]
  0x0000025aa44b4e20 JavaThread "pool-54-thread-1"                  [_thread_blocked, id=17596, stack(0x00000088eec00000,0x00000088eed00000) (1024K)]
  0x0000025aa32d0750 JavaThread "RMI GC Daemon"              daemon [_thread_blocked, id=65744, stack(0x00000088fb300000,0x00000088fb400000) (1024K)]
  0x0000025aa422d4b0 JavaThread "RMI Reaper"                        [_thread_blocked, id=15184, stack(0x00000088fb400000,0x00000088fb500000) (1024K)]
  0x0000025aa7365cd0 JavaThread "pool-59-thread-1"                  [_thread_blocked, id=56944, stack(0x00000088eae00000,0x00000088eaf00000) (1024K)]
  0x0000025aa422ce20 JavaThread "pool-62-thread-1"                  [_thread_blocked, id=8172, stack(0x00000088ee800000,0x00000088ee900000) (1024K)]
  0x0000025aa289cd00 JavaThread "pool-65-thread-1"                  [_thread_blocked, id=50308, stack(0x00000088eb400000,0x00000088eb500000) (1024K)]
  0x0000025a9ab2ff40 JavaThread "pool-68-thread-1"                  [_thread_blocked, id=68816, stack(0x00000088ead00000,0x00000088eae00000) (1024K)]
  0x0000025a99c6afa0 JavaThread "pool-71-thread-1"                  [_thread_blocked, id=50780, stack(0x00000088eeb00000,0x00000088eec00000) (1024K)]
  0x0000025aa289a5a0 JavaThread "pool-74-thread-1"                  [_thread_blocked, id=46132, stack(0x00000088eb100000,0x00000088eb200000) (1024K)]
  0x0000025a9d04f650 JavaThread "pool-77-thread-1"                  [_thread_blocked, id=55160, stack(0x00000088eed00000,0x00000088eee00000) (1024K)]
  0x0000025a9ab2f8b0 JavaThread "pool-80-thread-1"                  [_thread_blocked, id=3300, stack(0x00000088ee900000,0x00000088eea00000) (1024K)]
  0x0000025aa2293450 JavaThread "pool-83-thread-1"                  [_thread_blocked, id=49772, stack(0x00000088ef400000,0x00000088ef500000) (1024K)]
  0x0000025a9cbc7590 JavaThread "pool-86-thread-1"                  [_thread_blocked, id=57332, stack(0x00000088eca00000,0x00000088ecb00000) (1024K)]
  0x0000025a9cb3e150 JavaThread "pool-89-thread-1"                  [_thread_blocked, id=70816, stack(0x00000088ef200000,0x00000088ef300000) (1024K)]
  0x0000025a97586820 JavaThread "pool-92-thread-1"                  [_thread_blocked, id=15480, stack(0x00000088ef700000,0x00000088ef800000) (1024K)]
  0x0000025aa2e74f80 JavaThread "pool-95-thread-1"                  [_thread_blocked, id=27492, stack(0x00000088ef900000,0x00000088efa00000) (1024K)]
  0x0000025aa26ef080 JavaThread "pool-98-thread-1"                  [_thread_blocked, id=32640, stack(0x00000088efc00000,0x00000088efd00000) (1024K)]
  0x0000025a94404300 JavaThread "pool-102-thread-1"                 [_thread_blocked, id=20988, stack(0x00000088ef600000,0x00000088ef700000) (1024K)]
  0x0000025aaf4583c0 JavaThread "pool-105-thread-1"                 [_thread_blocked, id=32136, stack(0x00000088ef800000,0x00000088ef900000) (1024K)]
  0x0000025a97345440 JavaThread "pool-108-thread-1"                 [_thread_blocked, id=72756, stack(0x00000088eb500000,0x00000088eb600000) (1024K)]
  0x0000025a97343370 JavaThread "pool-111-thread-1"                 [_thread_blocked, id=29712, stack(0x00000088efa00000,0x00000088efb00000) (1024K)]
  0x0000025a99c6dd90 JavaThread "pool-114-thread-1"                 [_thread_blocked, id=73804, stack(0x00000088efd00000,0x00000088efe00000) (1024K)]
  0x0000025a99005340 JavaThread "pool-117-thread-1"                 [_thread_blocked, id=10884, stack(0x00000088ef300000,0x00000088ef400000) (1024K)]
  0x0000025a9cb3e7e0 JavaThread "pool-120-thread-1"                 [_thread_blocked, id=4220, stack(0x00000088eb300000,0x00000088eb400000) (1024K)]
  0x0000025aa32f8c10 JavaThread "pool-123-thread-1"                 [_thread_blocked, id=13396, stack(0x00000088eff00000,0x00000088f0000000) (1024K)]
  0x0000025aa22f00c0 JavaThread "pool-126-thread-1"                 [_thread_blocked, id=45988, stack(0x00000088f0000000,0x00000088f0100000) (1024K)]
  0x0000025aa5390940 JavaThread "pool-129-thread-1"                 [_thread_blocked, id=15816, stack(0x00000088efb00000,0x00000088efc00000) (1024K)]
  0x0000025aa39b5340 JavaThread "pool-132-thread-1"                 [_thread_blocked, id=53428, stack(0x00000088ef500000,0x00000088ef600000) (1024K)]
  0x0000025aaf457010 JavaThread "pool-135-thread-1"                 [_thread_blocked, id=17296, stack(0x00000088f0300000,0x00000088f0400000) (1024K)]
  0x0000025aa2f4c4c0 JavaThread "pool-138-thread-1"                 [_thread_blocked, id=57924, stack(0x00000088f0200000,0x00000088f0300000) (1024K)]
  0x0000025aa27e41d0 JavaThread "pool-141-thread-1"                 [_thread_blocked, id=73696, stack(0x00000088efe00000,0x00000088eff00000) (1024K)]
  0x0000025aa4ffd4f0 JavaThread "pool-144-thread-1"                 [_thread_blocked, id=28428, stack(0x00000088f0c00000,0x00000088f0d00000) (1024K)]
  0x0000025aa3f34e10 JavaThread "pool-148-thread-1"                 [_thread_blocked, id=5124, stack(0x0000008883600000,0x0000008883700000) (1024K)]
  0x0000025a95a12710 JavaThread "pool-151-thread-1"                 [_thread_blocked, id=41144, stack(0x0000008883800000,0x0000008883900000) (1024K)]
  0x0000025aa5243ce0 JavaThread "pool-154-thread-1"                 [_thread_blocked, id=67740, stack(0x0000008883700000,0x0000008883800000) (1024K)]
  0x0000025a95c5d170 JavaThread "pool-157-thread-1"                 [_thread_blocked, id=63128, stack(0x0000008883900000,0x0000008883a00000) (1024K)]
  0x0000025aa3177e20 JavaThread "pool-160-thread-1"                 [_thread_blocked, id=23772, stack(0x0000008883400000,0x0000008883500000) (1024K)]
  0x0000025aa3179860 JavaThread "pool-163-thread-1"                 [_thread_blocked, id=28836, stack(0x0000008883b00000,0x0000008883c00000) (1024K)]
  0x0000025a95a12080 JavaThread "pool-167-thread-1"                 [_thread_blocked, id=7336, stack(0x0000008883a00000,0x0000008883b00000) (1024K)]
  0x0000025a9d114c80 JavaThread "Daemon Thread 11"                  [_thread_blocked, id=41580, stack(0x0000008880100000,0x0000008880200000) (1024K)]
  0x0000025a95a10640 JavaThread "Daemon worker Thread 11"           [_thread_in_native, id=16900, stack(0x0000008880400000,0x0000008880500000) (1024K)]
  0x0000025a9bf01ca0 JavaThread "pool-170-thread-1"                 [_thread_blocked, id=67208, stack(0x0000008883300000,0x0000008883400000) (1024K)]
  0x0000025aa7a81630 JavaThread "VFS cleanup Thread 14"             [_thread_blocked, id=53280, stack(0x0000008880500000,0x0000008880600000) (1024K)]
  0x0000025a99007410 JavaThread "pool-173-thread-1"                 [_thread_blocked, id=28248, stack(0x0000008883d00000,0x0000008883e00000) (1024K)]
  0x0000025aa2946b30 JavaThread "pool-176-thread-1"                 [_thread_blocked, id=43084, stack(0x0000008883e00000,0x0000008883f00000) (1024K)]
  0x0000025aa5a02660 JavaThread "pool-179-thread-1"                 [_thread_blocked, id=7036, stack(0x0000008883f00000,0x0000008884000000) (1024K)]
  0x0000025a95a11360 JavaThread "pool-182-thread-1"                 [_thread_blocked, id=18964, stack(0x0000008883c00000,0x0000008883d00000) (1024K)]
  0x0000025aa2c88db0 JavaThread "pool-185-thread-1"                 [_thread_blocked, id=48224, stack(0x0000008884000000,0x0000008884100000) (1024K)]
  0x0000025aa7a81cc0 JavaThread "pool-188-thread-1"                 [_thread_blocked, id=52836, stack(0x0000008884100000,0x0000008884200000) (1024K)]
  0x0000025aa2c88090 JavaThread "pool-191-thread-1"                 [_thread_blocked, id=31068, stack(0x0000008884200000,0x0000008884300000) (1024K)]
  0x0000025a95c5d800 JavaThread "pool-194-thread-1"                 [_thread_blocked, id=48940, stack(0x0000008884300000,0x0000008884400000) (1024K)]
  0x0000025aa394b250 JavaThread "pool-197-thread-1"                 [_thread_blocked, id=52096, stack(0x0000008884600000,0x0000008884700000) (1024K)]
  0x0000025aa2950b60 JavaThread "pool-200-thread-1"                 [_thread_blocked, id=78568, stack(0x0000008884800000,0x0000008884900000) (1024K)]
  0x0000025aa2c8a160 JavaThread "pool-203-thread-1"                 [_thread_blocked, id=76816, stack(0x0000008884400000,0x0000008884500000) (1024K)]
  0x0000025a95c5c450 JavaThread "pool-206-thread-1"                 [_thread_blocked, id=42000, stack(0x0000008884500000,0x0000008884600000) (1024K)]
  0x0000025aa7e73060 JavaThread "pool-209-thread-1"                 [_thread_blocked, id=73644, stack(0x0000008884700000,0x0000008884800000) (1024K)]
  0x0000025a9a4fc7f0 JavaThread "pool-212-thread-1"                 [_thread_blocked, id=6620, stack(0x0000008884900000,0x0000008884a00000) (1024K)]
  0x0000025aa52e23f0 JavaThread "pool-215-thread-1"                 [_thread_blocked, id=28596, stack(0x0000008884a00000,0x0000008884b00000) (1024K)]
  0x0000025a9d115310 JavaThread "pool-218-thread-1"                 [_thread_blocked, id=42212, stack(0x0000008884b00000,0x0000008884c00000) (1024K)]
  0x0000025aa297f2b0 JavaThread "RMI TCP Connection(idle)"   daemon [_thread_blocked, id=5588, stack(0x0000008883500000,0x0000008883600000) (1024K)]
  0x0000025aa4ffce60 JavaThread "pool-221-thread-1"                 [_thread_blocked, id=66796, stack(0x0000008884f00000,0x0000008885000000) (1024K)]
  0x0000025aa52e37a0 JavaThread "pool-224-thread-1"                 [_thread_blocked, id=77148, stack(0x0000008884e00000,0x0000008884f00000) (1024K)]
  0x0000025aa2949920 JavaThread "pool-227-thread-1"                 [_thread_blocked, id=11360, stack(0x0000008884d00000,0x0000008884e00000) (1024K)]
  0x0000025a9aa54ff0 JavaThread "pool-230-thread-1"                 [_thread_blocked, id=41864, stack(0x0000008885000000,0x0000008885100000) (1024K)]
  0x0000025aa2f416a0 JavaThread "pool-233-thread-1"                 [_thread_blocked, id=25308, stack(0x0000008885100000,0x0000008885200000) (1024K)]
  0x0000025a9b2464f0 JavaThread "pool-236-thread-1"                 [_thread_blocked, id=29948, stack(0x0000008885200000,0x0000008885300000) (1024K)]
  0x0000025aa51005e0 JavaThread "pool-239-thread-1"                 [_thread_blocked, id=71900, stack(0x0000008885300000,0x0000008885400000) (1024K)]
  0x0000025aa2f43770 JavaThread "pool-242-thread-1"                 [_thread_blocked, id=70124, stack(0x0000008885400000,0x0000008885500000) (1024K)]
  0x0000025a99006060 JavaThread "pool-245-thread-1"                 [_thread_blocked, id=2124, stack(0x0000008885500000,0x0000008885600000) (1024K)]
  0x0000025aa5101990 JavaThread "pool-248-thread-1"                 [_thread_blocked, id=35996, stack(0x0000008885600000,0x0000008885700000) (1024K)]
  0x0000025aa7a80280 JavaThread "pool-251-thread-1"                 [_thread_blocked, id=17520, stack(0x0000008885700000,0x0000008885800000) (1024K)]
  0x0000025aa7a84420 JavaThread "pool-254-thread-1"                 [_thread_blocked, id=63088, stack(0x0000008885800000,0x0000008885900000) (1024K)]
  0x0000025aa422b3e0 JavaThread "pool-257-thread-1"                 [_thread_blocked, id=72496, stack(0x0000008885900000,0x0000008885a00000) (1024K)]
  0x0000025a9a499cb0 JavaThread "pool-260-thread-1"                 [_thread_blocked, id=52980, stack(0x0000008885a00000,0x0000008885b00000) (1024K)]
  0x0000025aa619f260 JavaThread "Handler for socket connection from /127.0.0.1:5168 to /127.0.0.1:9448"        [_thread_in_native, id=57908, stack(0x0000008880000000,0x0000008880100000) (1024K)]
  0x0000025a94402230 JavaThread "Cancel handler"                    [_thread_blocked, id=75176, stack(0x0000008880200000,0x0000008880300000) (1024K)]
  0x0000025a9a497be0 JavaThread "Asynchronous log dispatcher for DefaultDaemonConnection: socket connection from /127.0.0.1:5168 to /127.0.0.1:9448"        [_thread_blocked, id=70460, stack(0x0000008880300000,0x0000008880400000) (1024K)]
  0x0000025a9a49a9d0 JavaThread "Stdin handler"                     [_thread_blocked, id=77300, stack(0x0000008880600000,0x0000008880700000) (1024K)]
  0x0000025a944028c0 JavaThread "Daemon client event forwarder"        [_thread_blocked, id=60460, stack(0x0000008880700000,0x0000008880800000) (1024K)]
  0x0000025aae1bc8e0 JavaThread "Cache worker for file hash cache (D:\RawSMusic\.gradle\8.11.1\fileHashes)"        [_thread_blocked, id=15388, stack(0x0000008880800000,0x0000008880900000) (1024K)]
  0x0000025aae1bf040 JavaThread "Cache worker for Build Output Cleanup Cache (D:\RawSMusic\.gradle\buildOutputCleanup)"        [_thread_blocked, id=62416, stack(0x0000008880900000,0x0000008880a00000) (1024K)]
  0x0000025aae1be9b0 JavaThread "Cache worker for checksums cache (D:\RawSMusic\.gradle\8.11.1\checksums)"        [_thread_blocked, id=55264, stack(0x0000008880a00000,0x0000008880b00000) (1024K)]
  0x0000025aae1bfd60 JavaThread "Cache worker for cache directory md-rule (C:\Users\QFDY\.gradle\caches\8.11.1\md-rule)"        [_thread_blocked, id=31088, stack(0x0000008880b00000,0x0000008880c00000) (1024K)]
  0x0000025aae1bcf70 JavaThread "Cache worker for cache directory md-supplier (C:\Users\QFDY\.gradle\caches\8.11.1\md-supplier)"        [_thread_blocked, id=72296, stack(0x0000008880c00000,0x0000008880d00000) (1024K)]
  0x0000025aa619ebd0 JavaThread "Unconstrained build operations"        [_thread_blocked, id=12804, stack(0x0000008880d00000,0x0000008880e00000) (1024K)]
  0x0000025aa619d190 JavaThread "Unconstrained build operations Thread 2"        [_thread_blocked, id=73008, stack(0x0000008880e00000,0x0000008880f00000) (1024K)]
  0x0000025aa619bde0 JavaThread "Unconstrained build operations Thread 3"        [_thread_blocked, id=21232, stack(0x0000008880f00000,0x0000008881000000) (1024K)]
  0x0000025aa619c470 JavaThread "Unconstrained build operations Thread 4"        [_thread_blocked, id=22796, stack(0x0000008881000000,0x0000008881100000) (1024K)]
  0x0000025aa619cb00 JavaThread "Unconstrained build operations Thread 5"        [_thread_blocked, id=77608, stack(0x0000008881100000,0x0000008881200000) (1024K)]
  0x0000025aa619d820 JavaThread "Unconstrained build operations Thread 6"        [_thread_blocked, id=6068, stack(0x0000008881200000,0x0000008881300000) (1024K)]
  0x0000025a99c6c350 JavaThread "Unconstrained build operations Thread 7"        [_thread_blocked, id=31004, stack(0x0000008881300000,0x0000008881400000) (1024K)]
  0x0000025a99c6c9e0 JavaThread "Unconstrained build operations Thread 8"        [_thread_blocked, id=52784, stack(0x0000008881400000,0x0000008881500000) (1024K)]
  0x0000025a94402f50 JavaThread "Unconstrained build operations Thread 9"        [_thread_blocked, id=78468, stack(0x0000008881500000,0x0000008881600000) (1024K)]
  0x0000025a944035e0 JavaThread "Unconstrained build operations Thread 10"        [_thread_blocked, id=41276, stack(0x0000008881600000,0x0000008881700000) (1024K)]
  0x0000025aae1bf6d0 JavaThread "Unconstrained build operations Thread 11"        [_thread_blocked, id=15692, stack(0x0000008881700000,0x0000008881800000) (1024K)]
  0x0000025aae1c03f0 JavaThread "Unconstrained build operations Thread 12"        [_thread_blocked, id=25428, stack(0x0000008881800000,0x0000008881900000) (1024K)]
  0x0000025aae1bd600 JavaThread "Unconstrained build operations Thread 13"        [_thread_blocked, id=59676, stack(0x0000008881900000,0x0000008881a00000) (1024K)]
  0x0000025aae1c0a80 JavaThread "Unconstrained build operations Thread 14"        [_thread_blocked, id=19980, stack(0x0000008881a00000,0x0000008881b00000) (1024K)]
  0x0000025aae1c1110 JavaThread "Unconstrained build operations Thread 15"        [_thread_blocked, id=46492, stack(0x0000008881b00000,0x0000008881c00000) (1024K)]
  0x0000025aae1bdc90 JavaThread "Unconstrained build operations Thread 16"        [_thread_blocked, id=49680, stack(0x0000008881c00000,0x0000008881d00000) (1024K)]
  0x0000025aae1c3870 JavaThread "Unconstrained build operations Thread 17"        [_thread_blocked, id=34664, stack(0x0000008881d00000,0x0000008881e00000) (1024K)]
  0x0000025aae1c24c0 JavaThread "Unconstrained build operations Thread 18"        [_thread_blocked, id=53704, stack(0x0000008881e00000,0x0000008881f00000) (1024K)]
  0x0000025aae1c2b50 JavaThread "Unconstrained build operations Thread 19"        [_thread_blocked, id=29364, stack(0x0000008881f00000,0x0000008882000000) (1024K)]
  0x0000025a99c6d070 JavaThread "Unconstrained build operations Thread 20"        [_thread_blocked, id=25800, stack(0x0000008882000000,0x0000008882100000) (1024K)]
  0x0000025a99c6d700 JavaThread "Unconstrained build operations Thread 21"        [_thread_blocked, id=46824, stack(0x0000008882100000,0x0000008882200000) (1024K)]
  0x0000025a99c6b630 JavaThread "Unconstrained build operations Thread 22"        [_thread_blocked, id=53892, stack(0x0000008882200000,0x0000008882300000) (1024K)]
  0x0000025a99c6e420 JavaThread "Unconstrained build operations Thread 23"        [_thread_blocked, id=28120, stack(0x0000008882300000,0x0000008882400000) (1024K)]
  0x0000025a99c6bcc0 JavaThread "Unconstrained build operations Thread 24"        [_thread_blocked, id=78224, stack(0x0000008882400000,0x0000008882500000) (1024K)]
  0x0000025aa41d9100 JavaThread "Unconstrained build operations Thread 25"        [_thread_blocked, id=60988, stack(0x0000008882500000,0x0000008882600000) (1024K)]
  0x0000025aa41d9790 JavaThread "Unconstrained build operations Thread 26"        [_thread_blocked, id=54564, stack(0x0000008882600000,0x0000008882700000) (1024K)]
  0x0000025aa41d69a0 JavaThread "Unconstrained build operations Thread 27"        [_thread_blocked, id=54224, stack(0x0000008882700000,0x0000008882800000) (1024K)]
  0x0000025aa41d6310 JavaThread "Unconstrained build operations Thread 28"        [_thread_blocked, id=38384, stack(0x0000008882800000,0x0000008882900000) (1024K)]
  0x0000025aa41d83e0 JavaThread "Unconstrained build operations Thread 29"        [_thread_blocked, id=46188, stack(0x0000008882900000,0x0000008882a00000) (1024K)]
  0x0000025aa41d7030 JavaThread "Unconstrained build operations Thread 30"        [_thread_blocked, id=48624, stack(0x0000008882a00000,0x0000008882b00000) (1024K)]
  0x0000025aa41d76c0 JavaThread "Unconstrained build operations Thread 31"        [_thread_blocked, id=19232, stack(0x0000008882b00000,0x0000008882c00000) (1024K)]
  0x0000025aa41d7d50 JavaThread "Unconstrained build operations Thread 32"        [_thread_blocked, id=37372, stack(0x0000008882c00000,0x0000008882d00000) (1024K)]
  0x0000025aa41d8a70 JavaThread "Unconstrained build operations Thread 33"        [_thread_blocked, id=47928, stack(0x0000008882d00000,0x0000008882e00000) (1024K)]
  0x0000025a9d605b20 JavaThread "Unconstrained build operations Thread 34"        [_thread_blocked, id=7428, stack(0x0000008882e00000,0x0000008882f00000) (1024K)]
  0x0000025a9d6061b0 JavaThread "Unconstrained build operations Thread 35"        [_thread_blocked, id=42264, stack(0x0000008882f00000,0x0000008883000000) (1024K)]
  0x0000025a9d604e00 JavaThread "Unconstrained build operations Thread 36"        [_thread_blocked, id=60240, stack(0x0000008883000000,0x0000008883100000) (1024K)]
  0x0000025a9d606840 JavaThread "Unconstrained build operations Thread 37"        [_thread_blocked, id=62508, stack(0x0000008883100000,0x0000008883200000) (1024K)]
  0x0000025a9d606ed0 JavaThread "Unconstrained build operations Thread 38"        [_thread_blocked, id=45744, stack(0x0000008883200000,0x0000008883300000) (1024K)]
  0x0000025aa32e29b0 JavaThread "build event listener"              [_thread_blocked, id=5680, stack(0x0000008884c00000,0x0000008884d00000) (1024K)]
Total: 163

Other Threads:
  0x0000025a8fa6ad70 VMThread "VM Thread"                           [id=30344, stack(0x00000088e7d00000,0x00000088e7e00000) (1024K)]
  0x0000025a8fb019e0 WatcherThread "VM Periodic Task Thread"        [id=40876, stack(0x00000088e7c00000,0x00000088e7d00000) (1024K)]
  0x0000025af7359320 WorkerThread "GC Thread#0"                     [id=43540, stack(0x00000088e7700000,0x00000088e7800000) (1024K)]
  0x0000025a944a0ac0 WorkerThread "GC Thread#1"                     [id=19856, stack(0x00000088e8d00000,0x00000088e8e00000) (1024K)]
  0x0000025a944a0e60 WorkerThread "GC Thread#2"                     [id=8400, stack(0x00000088e8e00000,0x00000088e8f00000) (1024K)]
  0x0000025a944a1200 WorkerThread "GC Thread#3"                     [id=4788, stack(0x00000088e8f00000,0x00000088e9000000) (1024K)]
  0x0000025a944a15a0 WorkerThread "GC Thread#4"                     [id=78892, stack(0x00000088e9000000,0x00000088e9100000) (1024K)]
  0x0000025a944a1940 WorkerThread "GC Thread#5"                     [id=53984, stack(0x00000088e9100000,0x00000088e9200000) (1024K)]
  0x0000025a96338640 WorkerThread "GC Thread#6"                     [id=25640, stack(0x00000088e9e00000,0x00000088e9f00000) (1024K)]
  0x0000025a96338d80 WorkerThread "GC Thread#7"                     [id=47620, stack(0x00000088e9f00000,0x00000088ea000000) (1024K)]
  0x0000025a963382a0 WorkerThread "GC Thread#8"                     [id=60548, stack(0x00000088ea000000,0x00000088ea100000) (1024K)]
  0x0000025a963389e0 WorkerThread "GC Thread#9"                     [id=47592, stack(0x00000088ea100000,0x00000088ea200000) (1024K)]
  0x0000025a96339120 WorkerThread "GC Thread#10"                    [id=50796, stack(0x00000088ea200000,0x00000088ea300000) (1024K)]
  0x0000025a963394c0 WorkerThread "GC Thread#11"                    [id=21656, stack(0x00000088ea300000,0x00000088ea400000) (1024K)]
  0x0000025a96339c00 WorkerThread "GC Thread#12"                    [id=50884, stack(0x00000088ea400000,0x00000088ea500000) (1024K)]
  0x0000025a96644bb0 WorkerThread "GC Thread#13"                    [id=51692, stack(0x00000088ea500000,0x00000088ea600000) (1024K)]
  0x0000025a96643990 WorkerThread "GC Thread#14"                    [id=63056, stack(0x00000088ea600000,0x00000088ea700000) (1024K)]
  0x0000025af736be70 ConcurrentGCThread "G1 Main Marker"            [id=79808, stack(0x00000088e7800000,0x00000088e7900000) (1024K)]
  0x0000025af736d730 WorkerThread "G1 Conc#0"                       [id=79576, stack(0x00000088e7900000,0x00000088e7a00000) (1024K)]
  0x0000025a96646c50 WorkerThread "G1 Conc#1"                       [id=20516, stack(0x00000088ea700000,0x00000088ea800000) (1024K)]
  0x0000025a966440d0 WorkerThread "G1 Conc#2"                       [id=77528, stack(0x00000088ea800000,0x00000088ea900000) (1024K)]
  0x0000025a96644f50 WorkerThread "G1 Conc#3"                       [id=8596, stack(0x00000088ea900000,0x00000088eaa00000) (1024K)]
  0x0000025a8f978e80 ConcurrentGCThread "G1 Refine#0"               [id=2512, stack(0x00000088e7a00000,0x00000088e7b00000) (1024K)]
  0x0000025a8f9796a0 ConcurrentGCThread "G1 Service"                [id=33692, stack(0x00000088e7b00000,0x00000088e7c00000) (1024K)]
Total: 24

Threads with active compile tasks:
C2 CompilerThread0  9182446 147376   !   4       org.gradle.internal.typeconversion.MapNotationConverter::parseType (269 bytes)
Total: 1

VM state: not at safepoint (normal execution)

VM Mutex/Monitor currently owned by a thread: None

Heap address: 0x0000000080000000, size: 2048 MB, Compressed Oops mode: 32-bit

CDS archive(s) not mapped
Compressed class space mapped at: 0x0000000100000000-0x0000000140000000, reserved size: 1073741824
Narrow klass base: 0x0000000000000000, Narrow klass shift: 3, Narrow klass range: 0x140000000

GC Precious Log:
 CardTable entry size: 512
 Card Set container configuration: InlinePtr #cards 5 size 8 Array Of Cards #cards 12 size 40 Howl #buckets 4 coarsen threshold 1843 Howl Bitmap #cards 512 size 80 coarsen threshold 460 Card regions per heap region 1 cards per card region 2048
 CPUs: 20 total, 20 available
 Memory: 16095M
 Large Page Support: Disabled
 NUMA Support: Disabled
 Compressed Oops: Enabled (32-bit)
 Heap Region Size: 1M
 Heap Min Capacity: 8M
 Heap Initial Capacity: 252M
 Heap Max Capacity: 2G
 Pre-touch: Disabled
 Parallel Workers: 15
 Concurrent Workers: 4
 Concurrent Refinement Workers: 15
 Periodic GC: Disabled

Heap:
 garbage-first heap   total 563200K, used 318196K [0x0000000080000000, 0x0000000100000000)
  region size 1024K, 109 young (111616K), 4 survivors (4096K)
 Metaspace       used 220224K, committed 222400K, reserved 1245184K
  class space    used 28035K, committed 29056K, reserved 1048576K

Heap Regions: E=young(eden), S=young(survivor), O=old, HS=humongous(starts), HC=humongous(continues), CS=collection set, F=free, TAMS=top-at-mark-start, PB=parsable bottom
|   0|0x0000000080000000, 0x0000000080100000, 0x0000000080100000|100%|HS|  |TAMS 0x0000000080000000| PB 0x0000000080000000| Complete 
|   1|0x0000000080100000, 0x0000000080200000, 0x0000000080200000|100%|HC|  |TAMS 0x0000000080100000| PB 0x0000000080100000| Complete 
|   2|0x0000000080200000, 0x0000000080300000, 0x0000000080300000|100%|HC|  |TAMS 0x0000000080200000| PB 0x0000000080200000| Complete 
|   3|0x0000000080300000, 0x0000000080400000, 0x0000000080400000|100%| O|  |TAMS 0x0000000080300000| PB 0x0000000080300000| Untracked 
|   4|0x0000000080400000, 0x00000000804ec820, 0x0000000080500000| 92%| O|  |TAMS 0x0000000080400000| PB 0x0000000080400000| Untracked 
|   5|0x0000000080500000, 0x0000000080600000, 0x0000000080600000|100%|HS|  |TAMS 0x0000000080500000| PB 0x0000000080500000| Complete 
|   6|0x0000000080600000, 0x0000000080700000, 0x0000000080700000|100%| O|  |TAMS 0x0000000080600000| PB 0x0000000080600000| Untracked 
|   7|0x0000000080700000, 0x0000000080800000, 0x0000000080800000|100%| O|  |TAMS 0x0000000080700000| PB 0x0000000080700000| Untracked 
|   8|0x0000000080800000, 0x0000000080900000, 0x0000000080900000|100%| O|  |TAMS 0x0000000080800000| PB 0x0000000080800000| Untracked 
|   9|0x0000000080900000, 0x0000000080a00000, 0x0000000080a00000|100%| O|  |TAMS 0x0000000080900000| PB 0x0000000080900000| Untracked 
|  10|0x0000000080a00000, 0x0000000080b00000, 0x0000000080b00000|100%| O|  |TAMS 0x0000000080a00000| PB 0x0000000080a00000| Untracked 
|  11|0x0000000080b00000, 0x0000000080c00000, 0x0000000080c00000|100%| O|  |TAMS 0x0000000080b00000| PB 0x0000000080b00000| Untracked 
|  12|0x0000000080c00000, 0x0000000080d00000, 0x0000000080d00000|100%| O|  |TAMS 0x0000000080c00000| PB 0x0000000080c00000| Untracked 
|  13|0x0000000080d00000, 0x0000000080e00000, 0x0000000080e00000|100%| O|  |TAMS 0x0000000080d00000| PB 0x0000000080d00000| Untracked 
|  14|0x0000000080e00000, 0x0000000080f00000, 0x0000000080f00000|100%| O|  |TAMS 0x0000000080e00000| PB 0x0000000080e00000| Untracked 
|  15|0x0000000080f00000, 0x0000000081000000, 0x0000000081000000|100%| O|  |TAMS 0x0000000080f00000| PB 0x0000000080f00000| Untracked 
|  16|0x0000000081000000, 0x0000000081100000, 0x0000000081100000|100%| O|  |TAMS 0x0000000081000000| PB 0x0000000081000000| Untracked 
|  17|0x0000000081100000, 0x0000000081200000, 0x0000000081200000|100%| O|  |TAMS 0x0000000081100000| PB 0x0000000081100000| Untracked 
|  18|0x0000000081200000, 0x0000000081300000, 0x0000000081300000|100%| O|  |TAMS 0x0000000081200000| PB 0x0000000081200000| Untracked 
|  19|0x0000000081300000, 0x0000000081400000, 0x0000000081400000|100%| O|  |TAMS 0x0000000081300000| PB 0x0000000081300000| Untracked 
|  20|0x0000000081400000, 0x0000000081500000, 0x0000000081500000|100%| O|  |TAMS 0x0000000081400000| PB 0x0000000081400000| Untracked 
|  21|0x0000000081500000, 0x0000000081600000, 0x0000000081600000|100%| O|  |TAMS 0x0000000081500000| PB 0x0000000081500000| Untracked 
|  22|0x0000000081600000, 0x0000000081700000, 0x0000000081700000|100%| O|  |TAMS 0x0000000081600000| PB 0x0000000081600000| Untracked 
|  23|0x0000000081700000, 0x0000000081800000, 0x0000000081800000|100%| O|  |TAMS 0x0000000081700000| PB 0x0000000081700000| Untracked 
|  24|0x0000000081800000, 0x0000000081900000, 0x0000000081900000|100%| O|  |TAMS 0x0000000081800000| PB 0x0000000081800000| Untracked 
|  25|0x0000000081900000, 0x0000000081a00000, 0x0000000081a00000|100%| O|  |TAMS 0x0000000081900000| PB 0x0000000081900000| Untracked 
|  26|0x0000000081a00000, 0x0000000081b00000, 0x0000000081b00000|100%| O|  |TAMS 0x0000000081a00000| PB 0x0000000081a00000| Untracked 
|  27|0x0000000081b00000, 0x0000000081c00000, 0x0000000081c00000|100%| O|  |TAMS 0x0000000081b00000| PB 0x0000000081b00000| Untracked 
|  28|0x0000000081c00000, 0x0000000081d00000, 0x0000000081d00000|100%| O|  |TAMS 0x0000000081c00000| PB 0x0000000081c00000| Untracked 
|  29|0x0000000081d00000, 0x0000000081e00000, 0x0000000081e00000|100%| O|  |TAMS 0x0000000081d00000| PB 0x0000000081d00000| Untracked 
|  30|0x0000000081e00000, 0x0000000081f00000, 0x0000000081f00000|100%| O|  |TAMS 0x0000000081e00000| PB 0x0000000081e00000| Untracked 
|  31|0x0000000081f00000, 0x0000000082000000, 0x0000000082000000|100%| O|  |TAMS 0x0000000081f00000| PB 0x0000000081f00000| Untracked 
|  32|0x0000000082000000, 0x0000000082100000, 0x0000000082100000|100%| O|  |TAMS 0x0000000082000000| PB 0x0000000082000000| Untracked 
|  33|0x0000000082100000, 0x0000000082200000, 0x0000000082200000|100%| O|  |TAMS 0x0000000082100000| PB 0x0000000082100000| Untracked 
|  34|0x0000000082200000, 0x0000000082300000, 0x0000000082300000|100%| O|  |TAMS 0x0000000082200000| PB 0x0000000082200000| Untracked 
|  35|0x0000000082300000, 0x0000000082400000, 0x0000000082400000|100%| O|  |TAMS 0x0000000082300000| PB 0x0000000082300000| Untracked 
|  36|0x0000000082400000, 0x0000000082500000, 0x0000000082500000|100%| O|  |TAMS 0x0000000082400000| PB 0x0000000082400000| Untracked 
|  37|0x0000000082500000, 0x0000000082600000, 0x0000000082600000|100%| O|  |TAMS 0x0000000082500000| PB 0x0000000082500000| Untracked 
|  38|0x0000000082600000, 0x0000000082700000, 0x0000000082700000|100%| O|  |TAMS 0x0000000082600000| PB 0x0000000082600000| Untracked 
|  39|0x0000000082700000, 0x0000000082800000, 0x0000000082800000|100%| O|  |TAMS 0x0000000082700000| PB 0x0000000082700000| Untracked 
|  40|0x0000000082800000, 0x0000000082900000, 0x0000000082900000|100%| O|  |TAMS 0x0000000082800000| PB 0x0000000082800000| Untracked 
|  41|0x0000000082900000, 0x0000000082a00000, 0x0000000082a00000|100%| O|  |TAMS 0x0000000082900000| PB 0x0000000082900000| Untracked 
|  42|0x0000000082a00000, 0x0000000082b00000, 0x0000000082b00000|100%| O|  |TAMS 0x0000000082a00000| PB 0x0000000082a00000| Untracked 
|  43|0x0000000082b00000, 0x0000000082c00000, 0x0000000082c00000|100%| O|  |TAMS 0x0000000082b00000| PB 0x0000000082b00000| Untracked 
|  44|0x0000000082c00000, 0x0000000082d00000, 0x0000000082d00000|100%|HS|  |TAMS 0x0000000082c00000| PB 0x0000000082c00000| Complete 
|  45|0x0000000082d00000, 0x0000000082e00000, 0x0000000082e00000|100%|HS|  |TAMS 0x0000000082d00000| PB 0x0000000082d00000| Complete 
|  46|0x0000000082e00000, 0x0000000082f00000, 0x0000000082f00000|100%|HS|  |TAMS 0x0000000082e00000| PB 0x0000000082e00000| Complete 
|  47|0x0000000082f00000, 0x0000000083000000, 0x0000000083000000|100%|HC|  |TAMS 0x0000000082f00000| PB 0x0000000082f00000| Complete 
|  48|0x0000000083000000, 0x0000000083100000, 0x0000000083100000|100%|HS|  |TAMS 0x0000000083000000| PB 0x0000000083000000| Complete 
|  49|0x0000000083100000, 0x0000000083200000, 0x0000000083200000|100%|HS|  |TAMS 0x0000000083100000| PB 0x0000000083100000| Complete 
|  50|0x0000000083200000, 0x0000000083300000, 0x0000000083300000|100%| O|  |TAMS 0x0000000083200000| PB 0x0000000083200000| Untracked 
|  51|0x0000000083300000, 0x0000000083400000, 0x0000000083400000|100%| O|  |TAMS 0x0000000083300000| PB 0x0000000083300000| Untracked 
|  52|0x0000000083400000, 0x0000000083500000, 0x0000000083500000|100%|HS|  |TAMS 0x0000000083400000| PB 0x0000000083400000| Complete 
|  53|0x0000000083500000, 0x0000000083600000, 0x0000000083600000|100%|HC|  |TAMS 0x0000000083500000| PB 0x0000000083500000| Complete 
|  54|0x0000000083600000, 0x0000000083700000, 0x0000000083700000|100%|HC|  |TAMS 0x0000000083600000| PB 0x0000000083600000| Complete 
|  55|0x0000000083700000, 0x0000000083800000, 0x0000000083800000|100%|HS|  |TAMS 0x0000000083700000| PB 0x0000000083700000| Complete 
|  56|0x0000000083800000, 0x0000000083900000, 0x0000000083900000|100%| O|  |TAMS 0x0000000083800000| PB 0x0000000083800000| Untracked 
|  57|0x0000000083900000, 0x0000000083a00000, 0x0000000083a00000|100%|HS|  |TAMS 0x0000000083900000| PB 0x0000000083900000| Complete 
|  58|0x0000000083a00000, 0x0000000083b00000, 0x0000000083b00000|100%|HC|  |TAMS 0x0000000083a00000| PB 0x0000000083a00000| Complete 
|  59|0x0000000083b00000, 0x0000000083c00000, 0x0000000083c00000|100%|HS|  |TAMS 0x0000000083b00000| PB 0x0000000083b00000| Complete 
|  60|0x0000000083c00000, 0x0000000083d00000, 0x0000000083d00000|100%|HS|  |TAMS 0x0000000083c00000| PB 0x0000000083c00000| Complete 
|  61|0x0000000083d00000, 0x0000000083e00000, 0x0000000083e00000|100%| O|  |TAMS 0x0000000083d00000| PB 0x0000000083d00000| Untracked 
|  62|0x0000000083e00000, 0x0000000083f00000, 0x0000000083f00000|100%| O|  |TAMS 0x0000000083e00000| PB 0x0000000083e00000| Untracked 
|  63|0x0000000083f00000, 0x0000000084000000, 0x0000000084000000|100%| O|  |TAMS 0x0000000083f00000| PB 0x0000000083f00000| Untracked 
|  64|0x0000000084000000, 0x0000000084100000, 0x0000000084100000|100%| O|  |TAMS 0x0000000084000000| PB 0x0000000084000000| Untracked 
|  65|0x0000000084100000, 0x0000000084200000, 0x0000000084200000|100%| O|  |TAMS 0x0000000084100000| PB 0x0000000084100000| Untracked 
|  66|0x0000000084200000, 0x0000000084300000, 0x0000000084300000|100%| O|  |TAMS 0x0000000084200000| PB 0x0000000084200000| Untracked 
|  67|0x0000000084300000, 0x0000000084400000, 0x0000000084400000|100%| O|  |TAMS 0x0000000084300000| PB 0x0000000084300000| Untracked 
|  68|0x0000000084400000, 0x0000000084500000, 0x0000000084500000|100%|HS|  |TAMS 0x0000000084400000| PB 0x0000000084400000| Complete 
|  69|0x0000000084500000, 0x0000000084600000, 0x0000000084600000|100%| O|  |TAMS 0x0000000084500000| PB 0x0000000084500000| Untracked 
|  70|0x0000000084600000, 0x0000000084700000, 0x0000000084700000|100%| O|  |TAMS 0x0000000084600000| PB 0x0000000084600000| Untracked 
|  71|0x0000000084700000, 0x0000000084800000, 0x0000000084800000|100%| O|  |TAMS 0x0000000084700000| PB 0x0000000084700000| Untracked 
|  72|0x0000000084800000, 0x0000000084900000, 0x0000000084900000|100%| O|  |TAMS 0x0000000084800000| PB 0x0000000084800000| Untracked 
|  73|0x0000000084900000, 0x0000000084a00000, 0x0000000084a00000|100%| O|  |TAMS 0x0000000084900000| PB 0x0000000084900000| Untracked 
|  74|0x0000000084a00000, 0x0000000084b00000, 0x0000000084b00000|100%| O|  |TAMS 0x0000000084a00000| PB 0x0000000084a00000| Untracked 
|  75|0x0000000084b00000, 0x0000000084c00000, 0x0000000084c00000|100%| O|  |TAMS 0x0000000084b00000| PB 0x0000000084b00000| Untracked 
|  76|0x0000000084c00000, 0x0000000084d00000, 0x0000000084d00000|100%| O|  |TAMS 0x0000000084c00000| PB 0x0000000084c00000| Untracked 
|  77|0x0000000084d00000, 0x0000000084e00000, 0x0000000084e00000|100%| O|  |TAMS 0x0000000084d00000| PB 0x0000000084d00000| Untracked 
|  78|0x0000000084e00000, 0x0000000084f00000, 0x0000000084f00000|100%|HS|  |TAMS 0x0000000084e00000| PB 0x0000000084e00000| Complete 
|  79|0x0000000084f00000, 0x0000000085000000, 0x0000000085000000|100%|HC|  |TAMS 0x0000000084f00000| PB 0x0000000084f00000| Complete 
|  80|0x0000000085000000, 0x0000000085100000, 0x0000000085100000|100%|HC|  |TAMS 0x0000000085000000| PB 0x0000000085000000| Complete 
|  81|0x0000000085100000, 0x0000000085200000, 0x0000000085200000|100%| O|  |TAMS 0x0000000085100000| PB 0x0000000085100000| Untracked 
|  82|0x0000000085200000, 0x0000000085300000, 0x0000000085300000|100%| O|  |TAMS 0x0000000085200000| PB 0x0000000085200000| Untracked 
|  83|0x0000000085300000, 0x0000000085400000, 0x0000000085400000|100%| O|  |TAMS 0x0000000085300000| PB 0x0000000085300000| Untracked 
|  84|0x0000000085400000, 0x0000000085500000, 0x0000000085500000|100%| O|  |TAMS 0x0000000085400000| PB 0x0000000085400000| Untracked 
|  85|0x0000000085500000, 0x0000000085600000, 0x0000000085600000|100%| O|  |TAMS 0x0000000085500000| PB 0x0000000085500000| Untracked 
|  86|0x0000000085600000, 0x0000000085700000, 0x0000000085700000|100%| O|  |TAMS 0x0000000085600000| PB 0x0000000085600000| Untracked 
|  87|0x0000000085700000, 0x0000000085800000, 0x0000000085800000|100%| O|  |TAMS 0x0000000085700000| PB 0x0000000085700000| Untracked 
|  88|0x0000000085800000, 0x0000000085900000, 0x0000000085900000|100%| O|  |TAMS 0x0000000085800000| PB 0x0000000085800000| Untracked 
|  89|0x0000000085900000, 0x0000000085a00000, 0x0000000085a00000|100%| O|  |TAMS 0x0000000085900000| PB 0x0000000085900000| Untracked 
|  90|0x0000000085a00000, 0x0000000085b00000, 0x0000000085b00000|100%| O|  |TAMS 0x0000000085a00000| PB 0x0000000085a00000| Untracked 
|  91|0x0000000085b00000, 0x0000000085c00000, 0x0000000085c00000|100%| O|  |TAMS 0x0000000085b00000| PB 0x0000000085b00000| Untracked 
|  92|0x0000000085c00000, 0x0000000085d00000, 0x0000000085d00000|100%| O|  |TAMS 0x0000000085c00000| PB 0x0000000085c00000| Untracked 
|  93|0x0000000085d00000, 0x0000000085e00000, 0x0000000085e00000|100%| O|  |TAMS 0x0000000085d00000| PB 0x0000000085d00000| Untracked 
|  94|0x0000000085e00000, 0x0000000085f00000, 0x0000000085f00000|100%| O|  |TAMS 0x0000000085e00000| PB 0x0000000085e00000| Untracked 
|  95|0x0000000085f00000, 0x0000000086000000, 0x0000000086000000|100%| O|  |TAMS 0x0000000085f00000| PB 0x0000000085f00000| Untracked 
|  96|0x0000000086000000, 0x0000000086100000, 0x0000000086100000|100%| O|  |TAMS 0x0000000086000000| PB 0x0000000086000000| Untracked 
|  97|0x0000000086100000, 0x0000000086200000, 0x0000000086200000|100%| O|  |TAMS 0x0000000086100000| PB 0x0000000086100000| Untracked 
|  98|0x0000000086200000, 0x0000000086300000, 0x0000000086300000|100%| O|  |TAMS 0x0000000086200000| PB 0x0000000086200000| Untracked 
|  99|0x0000000086300000, 0x0000000086400000, 0x0000000086400000|100%| O|  |TAMS 0x0000000086300000| PB 0x0000000086300000| Untracked 
| 100|0x0000000086400000, 0x0000000086500000, 0x0000000086500000|100%| O|  |TAMS 0x0000000086400000| PB 0x0000000086400000| Untracked 
| 101|0x0000000086500000, 0x0000000086600000, 0x0000000086600000|100%| O|  |TAMS 0x0000000086500000| PB 0x0000000086500000| Untracked 
| 102|0x0000000086600000, 0x0000000086700000, 0x0000000086700000|100%| O|  |TAMS 0x0000000086600000| PB 0x0000000086600000| Untracked 
| 103|0x0000000086700000, 0x0000000086800000, 0x0000000086800000|100%| O|  |TAMS 0x0000000086700000| PB 0x0000000086700000| Untracked 
| 104|0x0000000086800000, 0x0000000086900000, 0x0000000086900000|100%| O|  |TAMS 0x0000000086800000| PB 0x0000000086800000| Untracked 
| 105|0x0000000086900000, 0x0000000086a00000, 0x0000000086a00000|100%| O|  |TAMS 0x0000000086900000| PB 0x0000000086900000| Untracked 
| 106|0x0000000086a00000, 0x0000000086b00000, 0x0000000086b00000|100%| O|  |TAMS 0x0000000086a00000| PB 0x0000000086a00000| Untracked 
| 107|0x0000000086b00000, 0x0000000086c00000, 0x0000000086c00000|100%| O|  |TAMS 0x0000000086b00000| PB 0x0000000086b00000| Untracked 
| 108|0x0000000086c00000, 0x0000000086d00000, 0x0000000086d00000|100%| O|  |TAMS 0x0000000086c00000| PB 0x0000000086c00000| Untracked 
| 109|0x0000000086d00000, 0x0000000086e00000, 0x0000000086e00000|100%| O|  |TAMS 0x0000000086d00000| PB 0x0000000086d00000| Untracked 
| 110|0x0000000086e00000, 0x0000000086f00000, 0x0000000086f00000|100%| O|  |TAMS 0x0000000086e00000| PB 0x0000000086e00000| Untracked 
| 111|0x0000000086f00000, 0x0000000087000000, 0x0000000087000000|100%| O|  |TAMS 0x0000000086f00000| PB 0x0000000086f00000| Untracked 
| 112|0x0000000087000000, 0x0000000087100000, 0x0000000087100000|100%| O|  |TAMS 0x0000000087000000| PB 0x0000000087000000| Untracked 
| 113|0x0000000087100000, 0x0000000087200000, 0x0000000087200000|100%| O|  |TAMS 0x0000000087100000| PB 0x0000000087100000| Untracked 
| 114|0x0000000087200000, 0x0000000087200000, 0x0000000087300000|  0%| F|  |TAMS 0x0000000087200000| PB 0x0000000087200000| Untracked 
| 115|0x0000000087300000, 0x0000000087400000, 0x0000000087400000|100%| O|  |TAMS 0x0000000087300000| PB 0x0000000087300000| Untracked 
| 116|0x0000000087400000, 0x0000000087500000, 0x0000000087500000|100%| O|  |TAMS 0x0000000087400000| PB 0x0000000087400000| Untracked 
| 117|0x0000000087500000, 0x0000000087600000, 0x0000000087600000|100%| O|  |TAMS 0x0000000087500000| PB 0x0000000087500000| Untracked 
| 118|0x0000000087600000, 0x0000000087700000, 0x0000000087700000|100%| O|  |TAMS 0x0000000087600000| PB 0x0000000087600000| Untracked 
| 119|0x0000000087700000, 0x0000000087800000, 0x0000000087800000|100%| O|  |TAMS 0x0000000087700000| PB 0x0000000087700000| Untracked 
| 120|0x0000000087800000, 0x0000000087900000, 0x0000000087900000|100%| O|  |TAMS 0x0000000087800000| PB 0x0000000087800000| Untracked 
| 121|0x0000000087900000, 0x0000000087a00000, 0x0000000087a00000|100%| O|  |TAMS 0x0000000087900000| PB 0x0000000087900000| Untracked 
| 122|0x0000000087a00000, 0x0000000087b00000, 0x0000000087b00000|100%| O|  |TAMS 0x0000000087a00000| PB 0x0000000087a00000| Untracked 
| 123|0x0000000087b00000, 0x0000000087c00000, 0x0000000087c00000|100%| O|  |TAMS 0x0000000087b00000| PB 0x0000000087b00000| Untracked 
| 124|0x0000000087c00000, 0x0000000087d00000, 0x0000000087d00000|100%| O|  |TAMS 0x0000000087c00000| PB 0x0000000087c00000| Untracked 
| 125|0x0000000087d00000, 0x0000000087e00000, 0x0000000087e00000|100%| O|  |TAMS 0x0000000087d00000| PB 0x0000000087d00000| Untracked 
| 126|0x0000000087e00000, 0x0000000087f00000, 0x0000000087f00000|100%| O|  |TAMS 0x0000000087e00000| PB 0x0000000087e00000| Untracked 
| 127|0x0000000087f00000, 0x0000000088000000, 0x0000000088000000|100%| O|  |TAMS 0x0000000087f00000| PB 0x0000000087f00000| Untracked 
| 128|0x0000000088000000, 0x0000000088100000, 0x0000000088100000|100%| O|  |TAMS 0x0000000088000000| PB 0x0000000088000000| Untracked 
| 129|0x0000000088100000, 0x0000000088200000, 0x0000000088200000|100%| O|  |TAMS 0x0000000088100000| PB 0x0000000088100000| Untracked 
| 130|0x0000000088200000, 0x0000000088300000, 0x0000000088300000|100%| O|  |TAMS 0x0000000088200000| PB 0x0000000088200000| Untracked 
| 131|0x0000000088300000, 0x0000000088400000, 0x0000000088400000|100%| O|  |TAMS 0x0000000088300000| PB 0x0000000088300000| Untracked 
| 132|0x0000000088400000, 0x0000000088500000, 0x0000000088500000|100%| O|  |TAMS 0x0000000088400000| PB 0x0000000088400000| Untracked 
| 133|0x0000000088500000, 0x0000000088600000, 0x0000000088600000|100%| O|  |TAMS 0x0000000088500000| PB 0x0000000088500000| Untracked 
| 134|0x0000000088600000, 0x0000000088700000, 0x0000000088700000|100%| O|  |TAMS 0x0000000088600000| PB 0x0000000088600000| Untracked 
| 135|0x0000000088700000, 0x0000000088800000, 0x0000000088800000|100%| O|  |TAMS 0x0000000088700000| PB 0x0000000088700000| Untracked 
| 136|0x0000000088800000, 0x0000000088900000, 0x0000000088900000|100%| O|  |TAMS 0x0000000088800000| PB 0x0000000088800000| Untracked 
| 137|0x0000000088900000, 0x0000000088a00000, 0x0000000088a00000|100%| O|  |TAMS 0x0000000088900000| PB 0x0000000088900000| Untracked 
| 138|0x0000000088a00000, 0x0000000088b00000, 0x0000000088b00000|100%| O|  |TAMS 0x0000000088a00000| PB 0x0000000088a00000| Untracked 
| 139|0x0000000088b00000, 0x0000000088c00000, 0x0000000088c00000|100%| O|  |TAMS 0x0000000088b00000| PB 0x0000000088b00000| Untracked 
| 140|0x0000000088c00000, 0x0000000088d00000, 0x0000000088d00000|100%| O|  |TAMS 0x0000000088c00000| PB 0x0000000088c00000| Untracked 
| 141|0x0000000088d00000, 0x0000000088e00000, 0x0000000088e00000|100%| O|  |TAMS 0x0000000088d00000| PB 0x0000000088d00000| Untracked 
| 142|0x0000000088e00000, 0x0000000088f00000, 0x0000000088f00000|100%| O|  |TAMS 0x0000000088e00000| PB 0x0000000088e00000| Untracked 
| 143|0x0000000088f00000, 0x0000000089000000, 0x0000000089000000|100%| O|  |TAMS 0x0000000088f00000| PB 0x0000000088f00000| Untracked 
| 144|0x0000000089000000, 0x0000000089100000, 0x0000000089100000|100%| O|  |TAMS 0x0000000089000000| PB 0x0000000089000000| Untracked 
| 145|0x0000000089100000, 0x0000000089200000, 0x0000000089200000|100%| O|  |TAMS 0x0000000089100000| PB 0x0000000089100000| Untracked 
| 146|0x0000000089200000, 0x0000000089300000, 0x0000000089300000|100%| O|  |TAMS 0x0000000089200000| PB 0x0000000089200000| Untracked 
| 147|0x0000000089300000, 0x0000000089400000, 0x0000000089400000|100%| O|  |TAMS 0x0000000089300000| PB 0x0000000089300000| Untracked 
| 148|0x0000000089400000, 0x0000000089500000, 0x0000000089500000|100%| O|  |TAMS 0x0000000089400000| PB 0x0000000089400000| Untracked 
| 149|0x0000000089500000, 0x00000000895e7768, 0x0000000089600000| 90%| O|  |TAMS 0x0000000089500000| PB 0x0000000089500000| Untracked 
| 150|0x0000000089600000, 0x0000000089600000, 0x0000000089700000|  0%| F|  |TAMS 0x0000000089600000| PB 0x0000000089600000| Untracked 
| 151|0x0000000089700000, 0x0000000089700000, 0x0000000089800000|  0%| F|  |TAMS 0x0000000089700000| PB 0x0000000089700000| Untracked 
| 152|0x0000000089800000, 0x0000000089800000, 0x0000000089900000|  0%| F|  |TAMS 0x0000000089800000| PB 0x0000000089800000| Untracked 
| 153|0x0000000089900000, 0x0000000089a00000, 0x0000000089a00000|100%| O|  |TAMS 0x0000000089900000| PB 0x0000000089900000| Untracked 
| 154|0x0000000089a00000, 0x0000000089a00000, 0x0000000089b00000|  0%| F|  |TAMS 0x0000000089a00000| PB 0x0000000089a00000| Untracked 
| 155|0x0000000089b00000, 0x0000000089c00000, 0x0000000089c00000|100%| O|  |TAMS 0x0000000089b00000| PB 0x0000000089b00000| Untracked 
| 156|0x0000000089c00000, 0x0000000089d00000, 0x0000000089d00000|100%| O|  |TAMS 0x0000000089c00000| PB 0x0000000089c00000| Untracked 
| 157|0x0000000089d00000, 0x0000000089d00000, 0x0000000089e00000|  0%| F|  |TAMS 0x0000000089d00000| PB 0x0000000089d00000| Untracked 
| 158|0x0000000089e00000, 0x0000000089e00000, 0x0000000089f00000|  0%| F|  |TAMS 0x0000000089e00000| PB 0x0000000089e00000| Untracked 
| 159|0x0000000089f00000, 0x0000000089f00000, 0x000000008a000000|  0%| F|  |TAMS 0x0000000089f00000| PB 0x0000000089f00000| Untracked 
| 160|0x000000008a000000, 0x000000008a000000, 0x000000008a100000|  0%| F|  |TAMS 0x000000008a000000| PB 0x000000008a000000| Untracked 
| 161|0x000000008a100000, 0x000000008a100000, 0x000000008a200000|  0%| F|  |TAMS 0x000000008a100000| PB 0x000000008a100000| Untracked 
| 162|0x000000008a200000, 0x000000008a200000, 0x000000008a300000|  0%| F|  |TAMS 0x000000008a200000| PB 0x000000008a200000| Untracked 
| 163|0x000000008a300000, 0x000000008a300000, 0x000000008a400000|  0%| F|  |TAMS 0x000000008a300000| PB 0x000000008a300000| Untracked 
| 164|0x000000008a400000, 0x000000008a400000, 0x000000008a500000|  0%| F|  |TAMS 0x000000008a400000| PB 0x000000008a400000| Untracked 
| 165|0x000000008a500000, 0x000000008a500000, 0x000000008a600000|  0%| F|  |TAMS 0x000000008a500000| PB 0x000000008a500000| Untracked 
| 166|0x000000008a600000, 0x000000008a600000, 0x000000008a700000|  0%| F|  |TAMS 0x000000008a600000| PB 0x000000008a600000| Untracked 
| 167|0x000000008a700000, 0x000000008a700000, 0x000000008a800000|  0%| F|  |TAMS 0x000000008a700000| PB 0x000000008a700000| Untracked 
| 168|0x000000008a800000, 0x000000008a800000, 0x000000008a900000|  0%| F|  |TAMS 0x000000008a800000| PB 0x000000008a800000| Untracked 
| 169|0x000000008a900000, 0x000000008aa00000, 0x000000008aa00000|100%| O|  |TAMS 0x000000008a900000| PB 0x000000008a900000| Untracked 
| 170|0x000000008aa00000, 0x000000008aa00000, 0x000000008ab00000|  0%| F|  |TAMS 0x000000008aa00000| PB 0x000000008aa00000| Untracked 
| 171|0x000000008ab00000, 0x000000008ab00000, 0x000000008ac00000|  0%| F|  |TAMS 0x000000008ab00000| PB 0x000000008ab00000| Untracked 
| 172|0x000000008ac00000, 0x000000008ad00000, 0x000000008ad00000|100%| O|  |TAMS 0x000000008ac00000| PB 0x000000008ac00000| Untracked 
| 173|0x000000008ad00000, 0x000000008ad00000, 0x000000008ae00000|  0%| F|  |TAMS 0x000000008ad00000| PB 0x000000008ad00000| Untracked 
| 174|0x000000008ae00000, 0x000000008af00000, 0x000000008af00000|100%| O|  |TAMS 0x000000008ae00000| PB 0x000000008ae00000| Untracked 
| 175|0x000000008af00000, 0x000000008af00000, 0x000000008b000000|  0%| F|  |TAMS 0x000000008af00000| PB 0x000000008af00000| Untracked 
| 176|0x000000008b000000, 0x000000008b100000, 0x000000008b100000|100%| O|  |TAMS 0x000000008b000000| PB 0x000000008b000000| Untracked 
| 177|0x000000008b100000, 0x000000008b200000, 0x000000008b200000|100%| O|  |TAMS 0x000000008b100000| PB 0x000000008b100000| Untracked 
| 178|0x000000008b200000, 0x000000008b200000, 0x000000008b300000|  0%| F|  |TAMS 0x000000008b200000| PB 0x000000008b200000| Untracked 
| 179|0x000000008b300000, 0x000000008b400000, 0x000000008b400000|100%| O|  |TAMS 0x000000008b300000| PB 0x000000008b300000| Untracked 
| 180|0x000000008b400000, 0x000000008b400000, 0x000000008b500000|  0%| F|  |TAMS 0x000000008b400000| PB 0x000000008b400000| Untracked 
| 181|0x000000008b500000, 0x000000008b600000, 0x000000008b600000|100%| O|  |TAMS 0x000000008b500000| PB 0x000000008b500000| Untracked 
| 182|0x000000008b600000, 0x000000008b700000, 0x000000008b700000|100%| O|  |TAMS 0x000000008b600000| PB 0x000000008b600000| Untracked 
| 183|0x000000008b700000, 0x000000008b700000, 0x000000008b800000|  0%| F|  |TAMS 0x000000008b700000| PB 0x000000008b700000| Untracked 
| 184|0x000000008b800000, 0x000000008b800000, 0x000000008b900000|  0%| F|  |TAMS 0x000000008b800000| PB 0x000000008b800000| Untracked 
| 185|0x000000008b900000, 0x000000008b900000, 0x000000008ba00000|  0%| F|  |TAMS 0x000000008b900000| PB 0x000000008b900000| Untracked 
| 186|0x000000008ba00000, 0x000000008ba00000, 0x000000008bb00000|  0%| F|  |TAMS 0x000000008ba00000| PB 0x000000008ba00000| Untracked 
| 187|0x000000008bb00000, 0x000000008bb00000, 0x000000008bc00000|  0%| F|  |TAMS 0x000000008bb00000| PB 0x000000008bb00000| Untracked 
| 188|0x000000008bc00000, 0x000000008bc00000, 0x000000008bd00000|  0%| F|  |TAMS 0x000000008bc00000| PB 0x000000008bc00000| Untracked 
| 189|0x000000008bd00000, 0x000000008bd00000, 0x000000008be00000|  0%| F|  |TAMS 0x000000008bd00000| PB 0x000000008bd00000| Untracked 
| 190|0x000000008be00000, 0x000000008be00000, 0x000000008bf00000|  0%| F|  |TAMS 0x000000008be00000| PB 0x000000008be00000| Untracked 
| 191|0x000000008bf00000, 0x000000008bf00000, 0x000000008c000000|  0%| F|  |TAMS 0x000000008bf00000| PB 0x000000008bf00000| Untracked 
| 192|0x000000008c000000, 0x000000008c000000, 0x000000008c100000|  0%| F|  |TAMS 0x000000008c000000| PB 0x000000008c000000| Untracked 
| 193|0x000000008c100000, 0x000000008c100000, 0x000000008c200000|  0%| F|  |TAMS 0x000000008c100000| PB 0x000000008c100000| Untracked 
| 194|0x000000008c200000, 0x000000008c200000, 0x000000008c300000|  0%| F|  |TAMS 0x000000008c200000| PB 0x000000008c200000| Untracked 
| 195|0x000000008c300000, 0x000000008c400000, 0x000000008c400000|100%| O|  |TAMS 0x000000008c300000| PB 0x000000008c300000| Untracked 
| 196|0x000000008c400000, 0x000000008c500000, 0x000000008c500000|100%| O|  |TAMS 0x000000008c400000| PB 0x000000008c400000| Untracked 
| 197|0x000000008c500000, 0x000000008c600000, 0x000000008c600000|100%| O|  |TAMS 0x000000008c500000| PB 0x000000008c500000| Untracked 
| 198|0x000000008c600000, 0x000000008c700000, 0x000000008c700000|100%| O|  |TAMS 0x000000008c600000| PB 0x000000008c600000| Untracked 
| 199|0x000000008c700000, 0x000000008c800000, 0x000000008c800000|100%| O|  |TAMS 0x000000008c700000| PB 0x000000008c700000| Untracked 
| 200|0x000000008c800000, 0x000000008c900000, 0x000000008c900000|100%| O|  |TAMS 0x000000008c800000| PB 0x000000008c800000| Untracked 
| 201|0x000000008c900000, 0x000000008ca00000, 0x000000008ca00000|100%| O|  |TAMS 0x000000008c900000| PB 0x000000008c900000| Untracked 
| 202|0x000000008ca00000, 0x000000008cb00000, 0x000000008cb00000|100%| O|  |TAMS 0x000000008ca00000| PB 0x000000008ca00000| Untracked 
| 203|0x000000008cb00000, 0x000000008cc00000, 0x000000008cc00000|100%| O|  |TAMS 0x000000008cb00000| PB 0x000000008cb00000| Untracked 
| 204|0x000000008cc00000, 0x000000008cd00000, 0x000000008cd00000|100%| O|  |TAMS 0x000000008cc00000| PB 0x000000008cc00000| Untracked 
| 205|0x000000008cd00000, 0x000000008ce00000, 0x000000008ce00000|100%| O|  |TAMS 0x000000008cd00000| PB 0x000000008cd00000| Untracked 
| 206|0x000000008ce00000, 0x000000008cf00000, 0x000000008cf00000|100%|HS|  |TAMS 0x000000008ce00000| PB 0x000000008ce00000| Complete 
| 207|0x000000008cf00000, 0x000000008d000000, 0x000000008d000000|100%| O|  |TAMS 0x000000008cf00000| PB 0x000000008cf00000| Untracked 
| 208|0x000000008d000000, 0x000000008d000000, 0x000000008d100000|  0%| F|  |TAMS 0x000000008d000000| PB 0x000000008d000000| Untracked 
| 209|0x000000008d100000, 0x000000008d200000, 0x000000008d200000|100%| O|  |TAMS 0x000000008d100000| PB 0x000000008d100000| Untracked 
| 210|0x000000008d200000, 0x000000008d300000, 0x000000008d300000|100%| O|  |TAMS 0x000000008d200000| PB 0x000000008d200000| Untracked 
| 211|0x000000008d300000, 0x000000008d400000, 0x000000008d400000|100%| O|  |TAMS 0x000000008d300000| PB 0x000000008d300000| Untracked 
| 212|0x000000008d400000, 0x000000008d500000, 0x000000008d500000|100%| O|  |TAMS 0x000000008d400000| PB 0x000000008d400000| Untracked 
| 213|0x000000008d500000, 0x000000008d600000, 0x000000008d600000|100%| O|  |TAMS 0x000000008d500000| PB 0x000000008d500000| Untracked 
| 214|0x000000008d600000, 0x000000008d700000, 0x000000008d700000|100%| O|  |TAMS 0x000000008d600000| PB 0x000000008d600000| Untracked 
| 215|0x000000008d700000, 0x000000008d800000, 0x000000008d800000|100%| O|  |TAMS 0x000000008d700000| PB 0x000000008d700000| Untracked 
| 216|0x000000008d800000, 0x000000008d900000, 0x000000008d900000|100%| O|  |TAMS 0x000000008d800000| PB 0x000000008d800000| Untracked 
| 217|0x000000008d900000, 0x000000008da00000, 0x000000008da00000|100%| O|  |TAMS 0x000000008d900000| PB 0x000000008d900000| Untracked 
| 218|0x000000008da00000, 0x000000008db00000, 0x000000008db00000|100%| O|  |TAMS 0x000000008da00000| PB 0x000000008da00000| Untracked 
| 219|0x000000008db00000, 0x000000008dc00000, 0x000000008dc00000|100%| O|  |TAMS 0x000000008db00000| PB 0x000000008db00000| Untracked 
| 220|0x000000008dc00000, 0x000000008dd00000, 0x000000008dd00000|100%| O|  |TAMS 0x000000008dc00000| PB 0x000000008dc00000| Untracked 
| 221|0x000000008dd00000, 0x000000008de00000, 0x000000008de00000|100%| O|  |TAMS 0x000000008dd00000| PB 0x000000008dd00000| Untracked 
| 222|0x000000008de00000, 0x000000008de00000, 0x000000008df00000|  0%| F|  |TAMS 0x000000008de00000| PB 0x000000008de00000| Untracked 
| 223|0x000000008df00000, 0x000000008e000000, 0x000000008e000000|100%| O|  |TAMS 0x000000008df00000| PB 0x000000008df00000| Untracked 
| 224|0x000000008e000000, 0x000000008e000000, 0x000000008e100000|  0%| F|  |TAMS 0x000000008e000000| PB 0x000000008e000000| Untracked 
| 225|0x000000008e100000, 0x000000008e200000, 0x000000008e200000|100%| O|  |TAMS 0x000000008e100000| PB 0x000000008e100000| Untracked 
| 226|0x000000008e200000, 0x000000008e300000, 0x000000008e300000|100%| O|  |TAMS 0x000000008e200000| PB 0x000000008e200000| Untracked 
| 227|0x000000008e300000, 0x000000008e400000, 0x000000008e400000|100%| O|  |TAMS 0x000000008e300000| PB 0x000000008e300000| Untracked 
| 228|0x000000008e400000, 0x000000008e500000, 0x000000008e500000|100%| O|  |TAMS 0x000000008e400000| PB 0x000000008e400000| Untracked 
| 229|0x000000008e500000, 0x000000008e600000, 0x000000008e600000|100%| O|  |TAMS 0x000000008e500000| PB 0x000000008e500000| Untracked 
| 230|0x000000008e600000, 0x000000008e700000, 0x000000008e700000|100%| O|  |TAMS 0x000000008e600000| PB 0x000000008e600000| Untracked 
| 231|0x000000008e700000, 0x000000008e700000, 0x000000008e800000|  0%| F|  |TAMS 0x000000008e700000| PB 0x000000008e700000| Untracked 
| 232|0x000000008e800000, 0x000000008e800000, 0x000000008e900000|  0%| F|  |TAMS 0x000000008e800000| PB 0x000000008e800000| Untracked 
| 233|0x000000008e900000, 0x000000008ea00000, 0x000000008ea00000|100%| O|  |TAMS 0x000000008e900000| PB 0x000000008e900000| Untracked 
| 234|0x000000008ea00000, 0x000000008ea00000, 0x000000008eb00000|  0%| F|  |TAMS 0x000000008ea00000| PB 0x000000008ea00000| Untracked 
| 235|0x000000008eb00000, 0x000000008eb00000, 0x000000008ec00000|  0%| F|  |TAMS 0x000000008eb00000| PB 0x000000008eb00000| Untracked 
| 236|0x000000008ec00000, 0x000000008ec00000, 0x000000008ed00000|  0%| F|  |TAMS 0x000000008ec00000| PB 0x000000008ec00000| Untracked 
| 237|0x000000008ed00000, 0x000000008ed00000, 0x000000008ee00000|  0%| F|  |TAMS 0x000000008ed00000| PB 0x000000008ed00000| Untracked 
| 238|0x000000008ee00000, 0x000000008ee00000, 0x000000008ef00000|  0%| F|  |TAMS 0x000000008ee00000| PB 0x000000008ee00000| Untracked 
| 239|0x000000008ef00000, 0x000000008ef00000, 0x000000008f000000|  0%| F|  |TAMS 0x000000008ef00000| PB 0x000000008ef00000| Untracked 
| 240|0x000000008f000000, 0x000000008f000000, 0x000000008f100000|  0%| F|  |TAMS 0x000000008f000000| PB 0x000000008f000000| Untracked 
| 241|0x000000008f100000, 0x000000008f100000, 0x000000008f200000|  0%| F|  |TAMS 0x000000008f100000| PB 0x000000008f100000| Untracked 
| 242|0x000000008f200000, 0x000000008f200000, 0x000000008f300000|  0%| F|  |TAMS 0x000000008f200000| PB 0x000000008f200000| Untracked 
| 243|0x000000008f300000, 0x000000008f3e91b0, 0x000000008f400000| 91%| S|CS|TAMS 0x000000008f300000| PB 0x000000008f300000| Complete 
| 244|0x000000008f400000, 0x000000008f500000, 0x000000008f500000|100%| S|CS|TAMS 0x000000008f400000| PB 0x000000008f400000| Complete 
| 245|0x000000008f500000, 0x000000008f600000, 0x000000008f600000|100%| O|  |TAMS 0x000000008f500000| PB 0x000000008f500000| Untracked 
| 246|0x000000008f600000, 0x000000008f700000, 0x000000008f700000|100%| S|CS|TAMS 0x000000008f600000| PB 0x000000008f600000| Complete 
| 247|0x000000008f700000, 0x000000008f800000, 0x000000008f800000|100%| S|CS|TAMS 0x000000008f700000| PB 0x000000008f700000| Complete 
| 248|0x000000008f800000, 0x000000008f800000, 0x000000008f900000|  0%| F|  |TAMS 0x000000008f800000| PB 0x000000008f800000| Untracked 
| 249|0x000000008f900000, 0x000000008f900000, 0x000000008fa00000|  0%| F|  |TAMS 0x000000008f900000| PB 0x000000008f900000| Untracked 
| 250|0x000000008fa00000, 0x000000008fa00000, 0x000000008fb00000|  0%| F|  |TAMS 0x000000008fa00000| PB 0x000000008fa00000| Untracked 
| 251|0x000000008fb00000, 0x000000008fb00000, 0x000000008fc00000|  0%| F|  |TAMS 0x000000008fb00000| PB 0x000000008fb00000| Untracked 
| 252|0x000000008fc00000, 0x000000008fc00000, 0x000000008fd00000|  0%| F|  |TAMS 0x000000008fc00000| PB 0x000000008fc00000| Untracked 
| 253|0x000000008fd00000, 0x000000008fd00000, 0x000000008fe00000|  0%| F|  |TAMS 0x000000008fd00000| PB 0x000000008fd00000| Untracked 
| 254|0x000000008fe00000, 0x000000008fe00000, 0x000000008ff00000|  0%| F|  |TAMS 0x000000008fe00000| PB 0x000000008fe00000| Untracked 
| 255|0x000000008ff00000, 0x000000008ff00000, 0x0000000090000000|  0%| F|  |TAMS 0x000000008ff00000| PB 0x000000008ff00000| Untracked 
| 256|0x0000000090000000, 0x0000000090000000, 0x0000000090100000|  0%| F|  |TAMS 0x0000000090000000| PB 0x0000000090000000| Untracked 
| 257|0x0000000090100000, 0x0000000090100000, 0x0000000090200000|  0%| F|  |TAMS 0x0000000090100000| PB 0x0000000090100000| Untracked 
| 258|0x0000000090200000, 0x0000000090200000, 0x0000000090300000|  0%| F|  |TAMS 0x0000000090200000| PB 0x0000000090200000| Untracked 
| 259|0x0000000090300000, 0x0000000090300000, 0x0000000090400000|  0%| F|  |TAMS 0x0000000090300000| PB 0x0000000090300000| Untracked 
| 260|0x0000000090400000, 0x0000000090400000, 0x0000000090500000|  0%| F|  |TAMS 0x0000000090400000| PB 0x0000000090400000| Untracked 
| 261|0x0000000090500000, 0x0000000090500000, 0x0000000090600000|  0%| F|  |TAMS 0x0000000090500000| PB 0x0000000090500000| Untracked 
| 262|0x0000000090600000, 0x0000000090600000, 0x0000000090700000|  0%| F|  |TAMS 0x0000000090600000| PB 0x0000000090600000| Untracked 
| 263|0x0000000090700000, 0x0000000090700000, 0x0000000090800000|  0%| F|  |TAMS 0x0000000090700000| PB 0x0000000090700000| Untracked 
| 264|0x0000000090800000, 0x0000000090800000, 0x0000000090900000|  0%| F|  |TAMS 0x0000000090800000| PB 0x0000000090800000| Untracked 
| 265|0x0000000090900000, 0x0000000090900000, 0x0000000090a00000|  0%| F|  |TAMS 0x0000000090900000| PB 0x0000000090900000| Untracked 
| 266|0x0000000090a00000, 0x0000000090a00000, 0x0000000090b00000|  0%| F|  |TAMS 0x0000000090a00000| PB 0x0000000090a00000| Untracked 
| 267|0x0000000090b00000, 0x0000000090b00000, 0x0000000090c00000|  0%| F|  |TAMS 0x0000000090b00000| PB 0x0000000090b00000| Untracked 
| 268|0x0000000090c00000, 0x0000000090c00000, 0x0000000090d00000|  0%| F|  |TAMS 0x0000000090c00000| PB 0x0000000090c00000| Untracked 
| 269|0x0000000090d00000, 0x0000000090d00000, 0x0000000090e00000|  0%| F|  |TAMS 0x0000000090d00000| PB 0x0000000090d00000| Untracked 
| 270|0x0000000090e00000, 0x0000000090e00000, 0x0000000090f00000|  0%| F|  |TAMS 0x0000000090e00000| PB 0x0000000090e00000| Untracked 
| 271|0x0000000090f00000, 0x0000000090f00000, 0x0000000091000000|  0%| F|  |TAMS 0x0000000090f00000| PB 0x0000000090f00000| Untracked 
| 272|0x0000000091000000, 0x0000000091000000, 0x0000000091100000|  0%| F|  |TAMS 0x0000000091000000| PB 0x0000000091000000| Untracked 
| 273|0x0000000091100000, 0x0000000091100000, 0x0000000091200000|  0%| F|  |TAMS 0x0000000091100000| PB 0x0000000091100000| Untracked 
| 274|0x0000000091200000, 0x0000000091200000, 0x0000000091300000|  0%| F|  |TAMS 0x0000000091200000| PB 0x0000000091200000| Untracked 
| 275|0x0000000091300000, 0x0000000091300000, 0x0000000091400000|  0%| F|  |TAMS 0x0000000091300000| PB 0x0000000091300000| Untracked 
| 276|0x0000000091400000, 0x0000000091400000, 0x0000000091500000|  0%| F|  |TAMS 0x0000000091400000| PB 0x0000000091400000| Untracked 
| 277|0x0000000091500000, 0x0000000091500000, 0x0000000091600000|  0%| F|  |TAMS 0x0000000091500000| PB 0x0000000091500000| Untracked 
| 278|0x0000000091600000, 0x0000000091600000, 0x0000000091700000|  0%| F|  |TAMS 0x0000000091600000| PB 0x0000000091600000| Untracked 
| 279|0x0000000091700000, 0x0000000091700000, 0x0000000091800000|  0%| F|  |TAMS 0x0000000091700000| PB 0x0000000091700000| Untracked 
| 280|0x0000000091800000, 0x0000000091800000, 0x0000000091900000|  0%| F|  |TAMS 0x0000000091800000| PB 0x0000000091800000| Untracked 
| 281|0x0000000091900000, 0x0000000091900000, 0x0000000091a00000|  0%| F|  |TAMS 0x0000000091900000| PB 0x0000000091900000| Untracked 
| 282|0x0000000091a00000, 0x0000000091a00000, 0x0000000091b00000|  0%| F|  |TAMS 0x0000000091a00000| PB 0x0000000091a00000| Untracked 
| 283|0x0000000091b00000, 0x0000000091b00000, 0x0000000091c00000|  0%| F|  |TAMS 0x0000000091b00000| PB 0x0000000091b00000| Untracked 
| 284|0x0000000091c00000, 0x0000000091c00000, 0x0000000091d00000|  0%| F|  |TAMS 0x0000000091c00000| PB 0x0000000091c00000| Untracked 
| 285|0x0000000091d00000, 0x0000000091d00000, 0x0000000091e00000|  0%| F|  |TAMS 0x0000000091d00000| PB 0x0000000091d00000| Untracked 
| 286|0x0000000091e00000, 0x0000000091e00000, 0x0000000091f00000|  0%| F|  |TAMS 0x0000000091e00000| PB 0x0000000091e00000| Untracked 
| 287|0x0000000091f00000, 0x0000000091f00000, 0x0000000092000000|  0%| F|  |TAMS 0x0000000091f00000| PB 0x0000000091f00000| Untracked 
| 288|0x0000000092000000, 0x0000000092000000, 0x0000000092100000|  0%| F|  |TAMS 0x0000000092000000| PB 0x0000000092000000| Untracked 
| 289|0x0000000092100000, 0x0000000092100000, 0x0000000092200000|  0%| F|  |TAMS 0x0000000092100000| PB 0x0000000092100000| Untracked 
| 290|0x0000000092200000, 0x0000000092200000, 0x0000000092300000|  0%| F|  |TAMS 0x0000000092200000| PB 0x0000000092200000| Untracked 
| 291|0x0000000092300000, 0x0000000092300000, 0x0000000092400000|  0%| F|  |TAMS 0x0000000092300000| PB 0x0000000092300000| Untracked 
| 292|0x0000000092400000, 0x0000000092400000, 0x0000000092500000|  0%| F|  |TAMS 0x0000000092400000| PB 0x0000000092400000| Untracked 
| 293|0x0000000092500000, 0x0000000092500000, 0x0000000092600000|  0%| F|  |TAMS 0x0000000092500000| PB 0x0000000092500000| Untracked 
| 294|0x0000000092600000, 0x0000000092600000, 0x0000000092700000|  0%| F|  |TAMS 0x0000000092600000| PB 0x0000000092600000| Untracked 
| 295|0x0000000092700000, 0x0000000092700000, 0x0000000092800000|  0%| F|  |TAMS 0x0000000092700000| PB 0x0000000092700000| Untracked 
| 296|0x0000000092800000, 0x0000000092800000, 0x0000000092900000|  0%| F|  |TAMS 0x0000000092800000| PB 0x0000000092800000| Untracked 
| 297|0x0000000092900000, 0x0000000092900000, 0x0000000092a00000|  0%| F|  |TAMS 0x0000000092900000| PB 0x0000000092900000| Untracked 
| 298|0x0000000092a00000, 0x0000000092a00000, 0x0000000092b00000|  0%| F|  |TAMS 0x0000000092a00000| PB 0x0000000092a00000| Untracked 
| 299|0x0000000092b00000, 0x0000000092b00000, 0x0000000092c00000|  0%| F|  |TAMS 0x0000000092b00000| PB 0x0000000092b00000| Untracked 
| 300|0x0000000092c00000, 0x0000000092c00000, 0x0000000092d00000|  0%| F|  |TAMS 0x0000000092c00000| PB 0x0000000092c00000| Untracked 
| 301|0x0000000092d00000, 0x0000000092d00000, 0x0000000092e00000|  0%| F|  |TAMS 0x0000000092d00000| PB 0x0000000092d00000| Untracked 
| 302|0x0000000092e00000, 0x0000000092e00000, 0x0000000092f00000|  0%| F|  |TAMS 0x0000000092e00000| PB 0x0000000092e00000| Untracked 
| 303|0x0000000092f00000, 0x0000000092f00000, 0x0000000093000000|  0%| F|  |TAMS 0x0000000092f00000| PB 0x0000000092f00000| Untracked 
| 304|0x0000000093000000, 0x0000000093000000, 0x0000000093100000|  0%| F|  |TAMS 0x0000000093000000| PB 0x0000000093000000| Untracked 
| 305|0x0000000093100000, 0x0000000093100000, 0x0000000093200000|  0%| F|  |TAMS 0x0000000093100000| PB 0x0000000093100000| Untracked 
| 306|0x0000000093200000, 0x0000000093200000, 0x0000000093300000|  0%| F|  |TAMS 0x0000000093200000| PB 0x0000000093200000| Untracked 
| 307|0x0000000093300000, 0x0000000093300000, 0x0000000093400000|  0%| F|  |TAMS 0x0000000093300000| PB 0x0000000093300000| Untracked 
| 308|0x0000000093400000, 0x0000000093400000, 0x0000000093500000|  0%| F|  |TAMS 0x0000000093400000| PB 0x0000000093400000| Untracked 
| 309|0x0000000093500000, 0x0000000093500000, 0x0000000093600000|  0%| F|  |TAMS 0x0000000093500000| PB 0x0000000093500000| Untracked 
| 310|0x0000000093600000, 0x0000000093600000, 0x0000000093700000|  0%| F|  |TAMS 0x0000000093600000| PB 0x0000000093600000| Untracked 
| 311|0x0000000093700000, 0x0000000093700000, 0x0000000093800000|  0%| F|  |TAMS 0x0000000093700000| PB 0x0000000093700000| Untracked 
| 312|0x0000000093800000, 0x0000000093800000, 0x0000000093900000|  0%| F|  |TAMS 0x0000000093800000| PB 0x0000000093800000| Untracked 
| 313|0x0000000093900000, 0x0000000093900000, 0x0000000093a00000|  0%| F|  |TAMS 0x0000000093900000| PB 0x0000000093900000| Untracked 
| 314|0x0000000093a00000, 0x0000000093a00000, 0x0000000093b00000|  0%| F|  |TAMS 0x0000000093a00000| PB 0x0000000093a00000| Untracked 
| 315|0x0000000093b00000, 0x0000000093b00000, 0x0000000093c00000|  0%| F|  |TAMS 0x0000000093b00000| PB 0x0000000093b00000| Untracked 
| 316|0x0000000093c00000, 0x0000000093c00000, 0x0000000093d00000|  0%| F|  |TAMS 0x0000000093c00000| PB 0x0000000093c00000| Untracked 
| 317|0x0000000093d00000, 0x0000000093d00000, 0x0000000093e00000|  0%| F|  |TAMS 0x0000000093d00000| PB 0x0000000093d00000| Untracked 
| 318|0x0000000093e00000, 0x0000000093e00000, 0x0000000093f00000|  0%| F|  |TAMS 0x0000000093e00000| PB 0x0000000093e00000| Untracked 
| 319|0x0000000093f00000, 0x0000000093f00000, 0x0000000094000000|  0%| F|  |TAMS 0x0000000093f00000| PB 0x0000000093f00000| Untracked 
| 320|0x0000000094000000, 0x0000000094000000, 0x0000000094100000|  0%| F|  |TAMS 0x0000000094000000| PB 0x0000000094000000| Untracked 
| 321|0x0000000094100000, 0x0000000094100000, 0x0000000094200000|  0%| F|  |TAMS 0x0000000094100000| PB 0x0000000094100000| Untracked 
| 322|0x0000000094200000, 0x0000000094200000, 0x0000000094300000|  0%| F|  |TAMS 0x0000000094200000| PB 0x0000000094200000| Untracked 
| 323|0x0000000094300000, 0x0000000094300000, 0x0000000094400000|  0%| F|  |TAMS 0x0000000094300000| PB 0x0000000094300000| Untracked 
| 324|0x0000000094400000, 0x0000000094400000, 0x0000000094500000|  0%| F|  |TAMS 0x0000000094400000| PB 0x0000000094400000| Untracked 
| 325|0x0000000094500000, 0x0000000094500000, 0x0000000094600000|  0%| F|  |TAMS 0x0000000094500000| PB 0x0000000094500000| Untracked 
| 326|0x0000000094600000, 0x0000000094600000, 0x0000000094700000|  0%| F|  |TAMS 0x0000000094600000| PB 0x0000000094600000| Untracked 
| 327|0x0000000094700000, 0x0000000094700000, 0x0000000094800000|  0%| F|  |TAMS 0x0000000094700000| PB 0x0000000094700000| Untracked 
| 328|0x0000000094800000, 0x0000000094800000, 0x0000000094900000|  0%| F|  |TAMS 0x0000000094800000| PB 0x0000000094800000| Untracked 
| 329|0x0000000094900000, 0x0000000094900000, 0x0000000094a00000|  0%| F|  |TAMS 0x0000000094900000| PB 0x0000000094900000| Untracked 
| 330|0x0000000094a00000, 0x0000000094a00000, 0x0000000094b00000|  0%| F|  |TAMS 0x0000000094a00000| PB 0x0000000094a00000| Untracked 
| 331|0x0000000094b00000, 0x0000000094b00000, 0x0000000094c00000|  0%| F|  |TAMS 0x0000000094b00000| PB 0x0000000094b00000| Untracked 
| 332|0x0000000094c00000, 0x0000000094c00000, 0x0000000094d00000|  0%| F|  |TAMS 0x0000000094c00000| PB 0x0000000094c00000| Untracked 
| 333|0x0000000094d00000, 0x0000000094d00000, 0x0000000094e00000|  0%| F|  |TAMS 0x0000000094d00000| PB 0x0000000094d00000| Untracked 
| 334|0x0000000094e00000, 0x0000000094e00000, 0x0000000094f00000|  0%| F|  |TAMS 0x0000000094e00000| PB 0x0000000094e00000| Untracked 
| 335|0x0000000094f00000, 0x0000000094f00000, 0x0000000095000000|  0%| F|  |TAMS 0x0000000094f00000| PB 0x0000000094f00000| Untracked 
| 336|0x0000000095000000, 0x0000000095000000, 0x0000000095100000|  0%| F|  |TAMS 0x0000000095000000| PB 0x0000000095000000| Untracked 
| 337|0x0000000095100000, 0x0000000095100000, 0x0000000095200000|  0%| F|  |TAMS 0x0000000095100000| PB 0x0000000095100000| Untracked 
| 338|0x0000000095200000, 0x0000000095200000, 0x0000000095300000|  0%| F|  |TAMS 0x0000000095200000| PB 0x0000000095200000| Untracked 
| 339|0x0000000095300000, 0x0000000095300000, 0x0000000095400000|  0%| F|  |TAMS 0x0000000095300000| PB 0x0000000095300000| Untracked 
| 340|0x0000000095400000, 0x0000000095400000, 0x0000000095500000|  0%| F|  |TAMS 0x0000000095400000| PB 0x0000000095400000| Untracked 
| 341|0x0000000095500000, 0x0000000095500000, 0x0000000095600000|  0%| F|  |TAMS 0x0000000095500000| PB 0x0000000095500000| Untracked 
| 342|0x0000000095600000, 0x0000000095600000, 0x0000000095700000|  0%| F|  |TAMS 0x0000000095600000| PB 0x0000000095600000| Untracked 
| 343|0x0000000095700000, 0x0000000095700000, 0x0000000095800000|  0%| F|  |TAMS 0x0000000095700000| PB 0x0000000095700000| Untracked 
| 344|0x0000000095800000, 0x0000000095800000, 0x0000000095900000|  0%| F|  |TAMS 0x0000000095800000| PB 0x0000000095800000| Untracked 
| 345|0x0000000095900000, 0x0000000095900000, 0x0000000095a00000|  0%| F|  |TAMS 0x0000000095900000| PB 0x0000000095900000| Untracked 
| 346|0x0000000095a00000, 0x0000000095a00000, 0x0000000095b00000|  0%| F|  |TAMS 0x0000000095a00000| PB 0x0000000095a00000| Untracked 
| 347|0x0000000095b00000, 0x0000000095b00000, 0x0000000095c00000|  0%| F|  |TAMS 0x0000000095b00000| PB 0x0000000095b00000| Untracked 
| 348|0x0000000095c00000, 0x0000000095c00000, 0x0000000095d00000|  0%| F|  |TAMS 0x0000000095c00000| PB 0x0000000095c00000| Untracked 
| 349|0x0000000095d00000, 0x0000000095d00000, 0x0000000095e00000|  0%| F|  |TAMS 0x0000000095d00000| PB 0x0000000095d00000| Untracked 
| 350|0x0000000095e00000, 0x0000000095e00000, 0x0000000095f00000|  0%| F|  |TAMS 0x0000000095e00000| PB 0x0000000095e00000| Untracked 
| 351|0x0000000095f00000, 0x0000000095f00000, 0x0000000096000000|  0%| F|  |TAMS 0x0000000095f00000| PB 0x0000000095f00000| Untracked 
| 352|0x0000000096000000, 0x0000000096000000, 0x0000000096100000|  0%| F|  |TAMS 0x0000000096000000| PB 0x0000000096000000| Untracked 
| 353|0x0000000096100000, 0x0000000096100000, 0x0000000096200000|  0%| F|  |TAMS 0x0000000096100000| PB 0x0000000096100000| Untracked 
| 354|0x0000000096200000, 0x0000000096200000, 0x0000000096300000|  0%| F|  |TAMS 0x0000000096200000| PB 0x0000000096200000| Untracked 
| 355|0x0000000096300000, 0x0000000096300000, 0x0000000096400000|  0%| F|  |TAMS 0x0000000096300000| PB 0x0000000096300000| Untracked 
| 356|0x0000000096400000, 0x0000000096400000, 0x0000000096500000|  0%| F|  |TAMS 0x0000000096400000| PB 0x0000000096400000| Untracked 
| 357|0x0000000096500000, 0x0000000096500000, 0x0000000096600000|  0%| F|  |TAMS 0x0000000096500000| PB 0x0000000096500000| Untracked 
| 358|0x0000000096600000, 0x0000000096600000, 0x0000000096700000|  0%| F|  |TAMS 0x0000000096600000| PB 0x0000000096600000| Untracked 
| 359|0x0000000096700000, 0x0000000096700000, 0x0000000096800000|  0%| F|  |TAMS 0x0000000096700000| PB 0x0000000096700000| Untracked 
| 360|0x0000000096800000, 0x0000000096800000, 0x0000000096900000|  0%| F|  |TAMS 0x0000000096800000| PB 0x0000000096800000| Untracked 
| 361|0x0000000096900000, 0x0000000096900000, 0x0000000096a00000|  0%| F|  |TAMS 0x0000000096900000| PB 0x0000000096900000| Untracked 
| 362|0x0000000096a00000, 0x0000000096a00000, 0x0000000096b00000|  0%| F|  |TAMS 0x0000000096a00000| PB 0x0000000096a00000| Untracked 
| 363|0x0000000096b00000, 0x0000000096b00000, 0x0000000096c00000|  0%| F|  |TAMS 0x0000000096b00000| PB 0x0000000096b00000| Untracked 
| 364|0x0000000096c00000, 0x0000000096c00000, 0x0000000096d00000|  0%| F|  |TAMS 0x0000000096c00000| PB 0x0000000096c00000| Untracked 
| 365|0x0000000096d00000, 0x0000000096d00000, 0x0000000096e00000|  0%| F|  |TAMS 0x0000000096d00000| PB 0x0000000096d00000| Untracked 
| 366|0x0000000096e00000, 0x0000000096e00000, 0x0000000096f00000|  0%| F|  |TAMS 0x0000000096e00000| PB 0x0000000096e00000| Untracked 
| 367|0x0000000096f00000, 0x0000000096f00000, 0x0000000097000000|  0%| F|  |TAMS 0x0000000096f00000| PB 0x0000000096f00000| Untracked 
| 368|0x0000000097000000, 0x0000000097000000, 0x0000000097100000|  0%| F|  |TAMS 0x0000000097000000| PB 0x0000000097000000| Untracked 
| 369|0x0000000097100000, 0x0000000097100000, 0x0000000097200000|  0%| F|  |TAMS 0x0000000097100000| PB 0x0000000097100000| Untracked 
| 370|0x0000000097200000, 0x0000000097200000, 0x0000000097300000|  0%| F|  |TAMS 0x0000000097200000| PB 0x0000000097200000| Untracked 
| 371|0x0000000097300000, 0x0000000097300000, 0x0000000097400000|  0%| F|  |TAMS 0x0000000097300000| PB 0x0000000097300000| Untracked 
| 372|0x0000000097400000, 0x0000000097400000, 0x0000000097500000|  0%| F|  |TAMS 0x0000000097400000| PB 0x0000000097400000| Untracked 
| 373|0x0000000097500000, 0x0000000097500000, 0x0000000097600000|  0%| F|  |TAMS 0x0000000097500000| PB 0x0000000097500000| Untracked 
| 374|0x0000000097600000, 0x0000000097600000, 0x0000000097700000|  0%| F|  |TAMS 0x0000000097600000| PB 0x0000000097600000| Untracked 
| 375|0x0000000097700000, 0x0000000097700000, 0x0000000097800000|  0%| F|  |TAMS 0x0000000097700000| PB 0x0000000097700000| Untracked 
| 376|0x0000000097800000, 0x0000000097800000, 0x0000000097900000|  0%| F|  |TAMS 0x0000000097800000| PB 0x0000000097800000| Untracked 
| 377|0x0000000097900000, 0x0000000097900000, 0x0000000097a00000|  0%| F|  |TAMS 0x0000000097900000| PB 0x0000000097900000| Untracked 
| 378|0x0000000097a00000, 0x0000000097a00000, 0x0000000097b00000|  0%| F|  |TAMS 0x0000000097a00000| PB 0x0000000097a00000| Untracked 
| 379|0x0000000097b00000, 0x0000000097b00000, 0x0000000097c00000|  0%| F|  |TAMS 0x0000000097b00000| PB 0x0000000097b00000| Untracked 
| 380|0x0000000097c00000, 0x0000000097c00000, 0x0000000097d00000|  0%| F|  |TAMS 0x0000000097c00000| PB 0x0000000097c00000| Untracked 
| 381|0x0000000097d00000, 0x0000000097d00000, 0x0000000097e00000|  0%| F|  |TAMS 0x0000000097d00000| PB 0x0000000097d00000| Untracked 
| 382|0x0000000097e00000, 0x0000000097e00000, 0x0000000097f00000|  0%| F|  |TAMS 0x0000000097e00000| PB 0x0000000097e00000| Untracked 
| 383|0x0000000097f00000, 0x0000000097f00000, 0x0000000098000000|  0%| F|  |TAMS 0x0000000097f00000| PB 0x0000000097f00000| Untracked 
| 384|0x0000000098000000, 0x0000000098000000, 0x0000000098100000|  0%| F|  |TAMS 0x0000000098000000| PB 0x0000000098000000| Untracked 
| 385|0x0000000098100000, 0x0000000098100000, 0x0000000098200000|  0%| F|  |TAMS 0x0000000098100000| PB 0x0000000098100000| Untracked 
| 386|0x0000000098200000, 0x0000000098200000, 0x0000000098300000|  0%| F|  |TAMS 0x0000000098200000| PB 0x0000000098200000| Untracked 
| 387|0x0000000098300000, 0x0000000098300000, 0x0000000098400000|  0%| F|  |TAMS 0x0000000098300000| PB 0x0000000098300000| Untracked 
| 388|0x0000000098400000, 0x0000000098400000, 0x0000000098500000|  0%| F|  |TAMS 0x0000000098400000| PB 0x0000000098400000| Untracked 
| 389|0x0000000098500000, 0x0000000098500000, 0x0000000098600000|  0%| F|  |TAMS 0x0000000098500000| PB 0x0000000098500000| Untracked 
| 390|0x0000000098600000, 0x0000000098600000, 0x0000000098700000|  0%| F|  |TAMS 0x0000000098600000| PB 0x0000000098600000| Untracked 
| 391|0x0000000098700000, 0x0000000098700000, 0x0000000098800000|  0%| F|  |TAMS 0x0000000098700000| PB 0x0000000098700000| Untracked 
| 392|0x0000000098800000, 0x0000000098800000, 0x0000000098900000|  0%| F|  |TAMS 0x0000000098800000| PB 0x0000000098800000| Untracked 
| 393|0x0000000098900000, 0x0000000098900000, 0x0000000098a00000|  0%| F|  |TAMS 0x0000000098900000| PB 0x0000000098900000| Untracked 
| 394|0x0000000098a00000, 0x0000000098a00000, 0x0000000098b00000|  0%| F|  |TAMS 0x0000000098a00000| PB 0x0000000098a00000| Untracked 
| 395|0x0000000098b00000, 0x0000000098b00000, 0x0000000098c00000|  0%| F|  |TAMS 0x0000000098b00000| PB 0x0000000098b00000| Untracked 
| 396|0x0000000098c00000, 0x0000000098c00000, 0x0000000098d00000|  0%| F|  |TAMS 0x0000000098c00000| PB 0x0000000098c00000| Untracked 
| 397|0x0000000098d00000, 0x0000000098d00000, 0x0000000098e00000|  0%| F|  |TAMS 0x0000000098d00000| PB 0x0000000098d00000| Untracked 
| 398|0x0000000098e00000, 0x0000000098e00000, 0x0000000098f00000|  0%| F|  |TAMS 0x0000000098e00000| PB 0x0000000098e00000| Untracked 
| 399|0x0000000098f00000, 0x0000000098f00000, 0x0000000099000000|  0%| F|  |TAMS 0x0000000098f00000| PB 0x0000000098f00000| Untracked 
| 400|0x0000000099000000, 0x0000000099000000, 0x0000000099100000|  0%| F|  |TAMS 0x0000000099000000| PB 0x0000000099000000| Untracked 
| 401|0x0000000099100000, 0x0000000099100000, 0x0000000099200000|  0%| F|  |TAMS 0x0000000099100000| PB 0x0000000099100000| Untracked 
| 402|0x0000000099200000, 0x0000000099200000, 0x0000000099300000|  0%| F|  |TAMS 0x0000000099200000| PB 0x0000000099200000| Untracked 
| 403|0x0000000099300000, 0x0000000099300000, 0x0000000099400000|  0%| F|  |TAMS 0x0000000099300000| PB 0x0000000099300000| Untracked 
| 404|0x0000000099400000, 0x0000000099400000, 0x0000000099500000|  0%| F|  |TAMS 0x0000000099400000| PB 0x0000000099400000| Untracked 
| 405|0x0000000099500000, 0x0000000099500000, 0x0000000099600000|  0%| F|  |TAMS 0x0000000099500000| PB 0x0000000099500000| Untracked 
| 406|0x0000000099600000, 0x0000000099600000, 0x0000000099700000|  0%| F|  |TAMS 0x0000000099600000| PB 0x0000000099600000| Untracked 
| 407|0x0000000099700000, 0x0000000099700000, 0x0000000099800000|  0%| F|  |TAMS 0x0000000099700000| PB 0x0000000099700000| Untracked 
| 408|0x0000000099800000, 0x0000000099800000, 0x0000000099900000|  0%| F|  |TAMS 0x0000000099800000| PB 0x0000000099800000| Untracked 
| 409|0x0000000099900000, 0x0000000099900000, 0x0000000099a00000|  0%| F|  |TAMS 0x0000000099900000| PB 0x0000000099900000| Untracked 
| 410|0x0000000099a00000, 0x0000000099a00000, 0x0000000099b00000|  0%| F|  |TAMS 0x0000000099a00000| PB 0x0000000099a00000| Untracked 
| 411|0x0000000099b00000, 0x0000000099b00000, 0x0000000099c00000|  0%| F|  |TAMS 0x0000000099b00000| PB 0x0000000099b00000| Untracked 
| 412|0x0000000099c00000, 0x0000000099c00000, 0x0000000099d00000|  0%| F|  |TAMS 0x0000000099c00000| PB 0x0000000099c00000| Untracked 
| 413|0x0000000099d00000, 0x0000000099d00000, 0x0000000099e00000|  0%| F|  |TAMS 0x0000000099d00000| PB 0x0000000099d00000| Untracked 
| 414|0x0000000099e00000, 0x0000000099e00000, 0x0000000099f00000|  0%| F|  |TAMS 0x0000000099e00000| PB 0x0000000099e00000| Untracked 
| 415|0x0000000099f00000, 0x0000000099f00000, 0x000000009a000000|  0%| F|  |TAMS 0x0000000099f00000| PB 0x0000000099f00000| Untracked 
| 416|0x000000009a000000, 0x000000009a000000, 0x000000009a100000|  0%| F|  |TAMS 0x000000009a000000| PB 0x000000009a000000| Untracked 
| 417|0x000000009a100000, 0x000000009a100000, 0x000000009a200000|  0%| F|  |TAMS 0x000000009a100000| PB 0x000000009a100000| Untracked 
| 418|0x000000009a200000, 0x000000009a200000, 0x000000009a300000|  0%| F|  |TAMS 0x000000009a200000| PB 0x000000009a200000| Untracked 
| 419|0x000000009a300000, 0x000000009a300000, 0x000000009a400000|  0%| F|  |TAMS 0x000000009a300000| PB 0x000000009a300000| Untracked 
| 420|0x000000009a400000, 0x000000009a400000, 0x000000009a500000|  0%| F|  |TAMS 0x000000009a400000| PB 0x000000009a400000| Untracked 
| 421|0x000000009a500000, 0x000000009a500000, 0x000000009a600000|  0%| F|  |TAMS 0x000000009a500000| PB 0x000000009a500000| Untracked 
| 422|0x000000009a600000, 0x000000009a600000, 0x000000009a700000|  0%| F|  |TAMS 0x000000009a600000| PB 0x000000009a600000| Untracked 
| 423|0x000000009a700000, 0x000000009a700000, 0x000000009a800000|  0%| F|  |TAMS 0x000000009a700000| PB 0x000000009a700000| Untracked 
| 424|0x000000009a800000, 0x000000009a800000, 0x000000009a900000|  0%| F|  |TAMS 0x000000009a800000| PB 0x000000009a800000| Untracked 
| 425|0x000000009a900000, 0x000000009a900000, 0x000000009aa00000|  0%| F|  |TAMS 0x000000009a900000| PB 0x000000009a900000| Untracked 
| 426|0x000000009aa00000, 0x000000009aa00000, 0x000000009ab00000|  0%| F|  |TAMS 0x000000009aa00000| PB 0x000000009aa00000| Untracked 
| 427|0x000000009ab00000, 0x000000009ab00000, 0x000000009ac00000|  0%| F|  |TAMS 0x000000009ab00000| PB 0x000000009ab00000| Untracked 
| 428|0x000000009ac00000, 0x000000009ac00000, 0x000000009ad00000|  0%| F|  |TAMS 0x000000009ac00000| PB 0x000000009ac00000| Untracked 
| 429|0x000000009ad00000, 0x000000009ad00000, 0x000000009ae00000|  0%| F|  |TAMS 0x000000009ad00000| PB 0x000000009ad00000| Untracked 
| 430|0x000000009ae00000, 0x000000009ae00000, 0x000000009af00000|  0%| F|  |TAMS 0x000000009ae00000| PB 0x000000009ae00000| Untracked 
| 431|0x000000009af00000, 0x000000009af00000, 0x000000009b000000|  0%| F|  |TAMS 0x000000009af00000| PB 0x000000009af00000| Untracked 
| 432|0x000000009b000000, 0x000000009b000000, 0x000000009b100000|  0%| F|  |TAMS 0x000000009b000000| PB 0x000000009b000000| Untracked 
| 433|0x000000009b100000, 0x000000009b100000, 0x000000009b200000|  0%| F|  |TAMS 0x000000009b100000| PB 0x000000009b100000| Untracked 
| 434|0x000000009b200000, 0x000000009b200000, 0x000000009b300000|  0%| F|  |TAMS 0x000000009b200000| PB 0x000000009b200000| Untracked 
| 435|0x000000009b300000, 0x000000009b380000, 0x000000009b400000| 50%| E|  |TAMS 0x000000009b300000| PB 0x000000009b300000| Complete 
| 436|0x000000009b400000, 0x000000009b500000, 0x000000009b500000|100%| E|CS|TAMS 0x000000009b400000| PB 0x000000009b400000| Complete 
| 437|0x000000009b500000, 0x000000009b600000, 0x000000009b600000|100%| E|CS|TAMS 0x000000009b500000| PB 0x000000009b500000| Complete 
| 438|0x000000009b600000, 0x000000009b700000, 0x000000009b700000|100%| E|CS|TAMS 0x000000009b600000| PB 0x000000009b600000| Complete 
| 439|0x000000009b700000, 0x000000009b800000, 0x000000009b800000|100%| E|CS|TAMS 0x000000009b700000| PB 0x000000009b700000| Complete 
| 440|0x000000009b800000, 0x000000009b900000, 0x000000009b900000|100%| E|CS|TAMS 0x000000009b800000| PB 0x000000009b800000| Complete 
| 441|0x000000009b900000, 0x000000009ba00000, 0x000000009ba00000|100%| E|CS|TAMS 0x000000009b900000| PB 0x000000009b900000| Complete 
| 442|0x000000009ba00000, 0x000000009bb00000, 0x000000009bb00000|100%| E|CS|TAMS 0x000000009ba00000| PB 0x000000009ba00000| Complete 
| 443|0x000000009bb00000, 0x000000009bc00000, 0x000000009bc00000|100%| E|CS|TAMS 0x000000009bb00000| PB 0x000000009bb00000| Complete 
| 444|0x000000009bc00000, 0x000000009bd00000, 0x000000009bd00000|100%| E|CS|TAMS 0x000000009bc00000| PB 0x000000009bc00000| Complete 
| 445|0x000000009bd00000, 0x000000009be00000, 0x000000009be00000|100%| E|CS|TAMS 0x000000009bd00000| PB 0x000000009bd00000| Complete 
| 446|0x000000009be00000, 0x000000009bf00000, 0x000000009bf00000|100%| E|CS|TAMS 0x000000009be00000| PB 0x000000009be00000| Complete 
| 447|0x000000009bf00000, 0x000000009c000000, 0x000000009c000000|100%| E|CS|TAMS 0x000000009bf00000| PB 0x000000009bf00000| Complete 
| 448|0x000000009c000000, 0x000000009c100000, 0x000000009c100000|100%| E|CS|TAMS 0x000000009c000000| PB 0x000000009c000000| Complete 
| 449|0x000000009c100000, 0x000000009c200000, 0x000000009c200000|100%| E|CS|TAMS 0x000000009c100000| PB 0x000000009c100000| Complete 
| 450|0x000000009c200000, 0x000000009c300000, 0x000000009c300000|100%| E|CS|TAMS 0x000000009c200000| PB 0x000000009c200000| Complete 
| 451|0x000000009c300000, 0x000000009c400000, 0x000000009c400000|100%| E|CS|TAMS 0x000000009c300000| PB 0x000000009c300000| Complete 
| 452|0x000000009c400000, 0x000000009c500000, 0x000000009c500000|100%| E|CS|TAMS 0x000000009c400000| PB 0x000000009c400000| Complete 
| 453|0x000000009c500000, 0x000000009c600000, 0x000000009c600000|100%| E|CS|TAMS 0x000000009c500000| PB 0x000000009c500000| Complete 
| 454|0x000000009c600000, 0x000000009c700000, 0x000000009c700000|100%| E|CS|TAMS 0x000000009c600000| PB 0x000000009c600000| Complete 
| 455|0x000000009c700000, 0x000000009c800000, 0x000000009c800000|100%| E|CS|TAMS 0x000000009c700000| PB 0x000000009c700000| Complete 
| 456|0x000000009c800000, 0x000000009c900000, 0x000000009c900000|100%| E|CS|TAMS 0x000000009c800000| PB 0x000000009c800000| Complete 
| 457|0x000000009c900000, 0x000000009ca00000, 0x000000009ca00000|100%| E|CS|TAMS 0x000000009c900000| PB 0x000000009c900000| Complete 
| 458|0x000000009ca00000, 0x000000009cb00000, 0x000000009cb00000|100%| E|CS|TAMS 0x000000009ca00000| PB 0x000000009ca00000| Complete 
| 459|0x000000009cb00000, 0x000000009cc00000, 0x000000009cc00000|100%| E|CS|TAMS 0x000000009cb00000| PB 0x000000009cb00000| Complete 
| 460|0x000000009cc00000, 0x000000009cd00000, 0x000000009cd00000|100%| E|CS|TAMS 0x000000009cc00000| PB 0x000000009cc00000| Complete 
| 461|0x000000009cd00000, 0x000000009ce00000, 0x000000009ce00000|100%| E|CS|TAMS 0x000000009cd00000| PB 0x000000009cd00000| Complete 
| 462|0x000000009ce00000, 0x000000009cf00000, 0x000000009cf00000|100%| E|CS|TAMS 0x000000009ce00000| PB 0x000000009ce00000| Complete 
| 463|0x000000009cf00000, 0x000000009d000000, 0x000000009d000000|100%| E|CS|TAMS 0x000000009cf00000| PB 0x000000009cf00000| Complete 
| 464|0x000000009d000000, 0x000000009d100000, 0x000000009d100000|100%| E|CS|TAMS 0x000000009d000000| PB 0x000000009d000000| Complete 
| 465|0x000000009d100000, 0x000000009d200000, 0x000000009d200000|100%| E|CS|TAMS 0x000000009d100000| PB 0x000000009d100000| Complete 
| 466|0x000000009d200000, 0x000000009d300000, 0x000000009d300000|100%| E|CS|TAMS 0x000000009d200000| PB 0x000000009d200000| Complete 
| 467|0x000000009d300000, 0x000000009d400000, 0x000000009d400000|100%| E|CS|TAMS 0x000000009d300000| PB 0x000000009d300000| Complete 
| 468|0x000000009d400000, 0x000000009d500000, 0x000000009d500000|100%| E|CS|TAMS 0x000000009d400000| PB 0x000000009d400000| Complete 
| 469|0x000000009d500000, 0x000000009d600000, 0x000000009d600000|100%| E|CS|TAMS 0x000000009d500000| PB 0x000000009d500000| Complete 
| 470|0x000000009d600000, 0x000000009d700000, 0x000000009d700000|100%| E|CS|TAMS 0x000000009d600000| PB 0x000000009d600000| Complete 
| 471|0x000000009d700000, 0x000000009d800000, 0x000000009d800000|100%| E|CS|TAMS 0x000000009d700000| PB 0x000000009d700000| Complete 
| 472|0x000000009d800000, 0x000000009d900000, 0x000000009d900000|100%| E|CS|TAMS 0x000000009d800000| PB 0x000000009d800000| Complete 
| 473|0x000000009d900000, 0x000000009da00000, 0x000000009da00000|100%| E|CS|TAMS 0x000000009d900000| PB 0x000000009d900000| Complete 
| 474|0x000000009da00000, 0x000000009db00000, 0x000000009db00000|100%| E|CS|TAMS 0x000000009da00000| PB 0x000000009da00000| Complete 
| 475|0x000000009db00000, 0x000000009dc00000, 0x000000009dc00000|100%| E|CS|TAMS 0x000000009db00000| PB 0x000000009db00000| Complete 
| 476|0x000000009dc00000, 0x000000009dd00000, 0x000000009dd00000|100%| E|CS|TAMS 0x000000009dc00000| PB 0x000000009dc00000| Complete 
| 477|0x000000009dd00000, 0x000000009de00000, 0x000000009de00000|100%| E|CS|TAMS 0x000000009dd00000| PB 0x000000009dd00000| Complete 
| 478|0x000000009de00000, 0x000000009df00000, 0x000000009df00000|100%| E|CS|TAMS 0x000000009de00000| PB 0x000000009de00000| Complete 
| 479|0x000000009df00000, 0x000000009e000000, 0x000000009e000000|100%| E|CS|TAMS 0x000000009df00000| PB 0x000000009df00000| Complete 
| 480|0x000000009e000000, 0x000000009e100000, 0x000000009e100000|100%| E|CS|TAMS 0x000000009e000000| PB 0x000000009e000000| Complete 
| 481|0x000000009e100000, 0x000000009e200000, 0x000000009e200000|100%| E|CS|TAMS 0x000000009e100000| PB 0x000000009e100000| Complete 
| 482|0x000000009e200000, 0x000000009e300000, 0x000000009e300000|100%| E|CS|TAMS 0x000000009e200000| PB 0x000000009e200000| Complete 
| 483|0x000000009e300000, 0x000000009e400000, 0x000000009e400000|100%| E|CS|TAMS 0x000000009e300000| PB 0x000000009e300000| Complete 
| 484|0x000000009e400000, 0x000000009e500000, 0x000000009e500000|100%| E|CS|TAMS 0x000000009e400000| PB 0x000000009e400000| Complete 
| 485|0x000000009e500000, 0x000000009e600000, 0x000000009e600000|100%| E|CS|TAMS 0x000000009e500000| PB 0x000000009e500000| Complete 
| 486|0x000000009e600000, 0x000000009e700000, 0x000000009e700000|100%| E|CS|TAMS 0x000000009e600000| PB 0x000000009e600000| Complete 
| 487|0x000000009e700000, 0x000000009e800000, 0x000000009e800000|100%| E|CS|TAMS 0x000000009e700000| PB 0x000000009e700000| Complete 
| 488|0x000000009e800000, 0x000000009e900000, 0x000000009e900000|100%| E|CS|TAMS 0x000000009e800000| PB 0x000000009e800000| Complete 
| 489|0x000000009e900000, 0x000000009ea00000, 0x000000009ea00000|100%| E|CS|TAMS 0x000000009e900000| PB 0x000000009e900000| Complete 
| 490|0x000000009ea00000, 0x000000009eb00000, 0x000000009eb00000|100%| E|CS|TAMS 0x000000009ea00000| PB 0x000000009ea00000| Complete 
| 491|0x000000009eb00000, 0x000000009ec00000, 0x000000009ec00000|100%| E|CS|TAMS 0x000000009eb00000| PB 0x000000009eb00000| Complete 
| 492|0x000000009ec00000, 0x000000009ed00000, 0x000000009ed00000|100%| E|CS|TAMS 0x000000009ec00000| PB 0x000000009ec00000| Complete 
| 493|0x000000009ed00000, 0x000000009ee00000, 0x000000009ee00000|100%| E|CS|TAMS 0x000000009ed00000| PB 0x000000009ed00000| Complete 
| 494|0x000000009ee00000, 0x000000009ef00000, 0x000000009ef00000|100%| E|CS|TAMS 0x000000009ee00000| PB 0x000000009ee00000| Complete 
| 495|0x000000009ef00000, 0x000000009f000000, 0x000000009f000000|100%| E|CS|TAMS 0x000000009ef00000| PB 0x000000009ef00000| Complete 
| 496|0x000000009f000000, 0x000000009f100000, 0x000000009f100000|100%| E|CS|TAMS 0x000000009f000000| PB 0x000000009f000000| Complete 
| 497|0x000000009f100000, 0x000000009f200000, 0x000000009f200000|100%| E|CS|TAMS 0x000000009f100000| PB 0x000000009f100000| Complete 
| 498|0x000000009f200000, 0x000000009f300000, 0x000000009f300000|100%| E|CS|TAMS 0x000000009f200000| PB 0x000000009f200000| Complete 
| 499|0x000000009f300000, 0x000000009f400000, 0x000000009f400000|100%| E|CS|TAMS 0x000000009f300000| PB 0x000000009f300000| Complete 
| 500|0x000000009f400000, 0x000000009f500000, 0x000000009f500000|100%| E|CS|TAMS 0x000000009f400000| PB 0x000000009f400000| Complete 
| 501|0x000000009f500000, 0x000000009f600000, 0x000000009f600000|100%| E|CS|TAMS 0x000000009f500000| PB 0x000000009f500000| Complete 
| 502|0x000000009f600000, 0x000000009f700000, 0x000000009f700000|100%| E|CS|TAMS 0x000000009f600000| PB 0x000000009f600000| Complete 
| 503|0x000000009f700000, 0x000000009f800000, 0x000000009f800000|100%| E|CS|TAMS 0x000000009f700000| PB 0x000000009f700000| Complete 
| 504|0x000000009f800000, 0x000000009f900000, 0x000000009f900000|100%| E|CS|TAMS 0x000000009f800000| PB 0x000000009f800000| Complete 
| 505|0x000000009f900000, 0x000000009fa00000, 0x000000009fa00000|100%| E|CS|TAMS 0x000000009f900000| PB 0x000000009f900000| Complete 
| 506|0x000000009fa00000, 0x000000009fb00000, 0x000000009fb00000|100%| E|CS|TAMS 0x000000009fa00000| PB 0x000000009fa00000| Complete 
| 507|0x000000009fb00000, 0x000000009fc00000, 0x000000009fc00000|100%| E|CS|TAMS 0x000000009fb00000| PB 0x000000009fb00000| Complete 
| 508|0x000000009fc00000, 0x000000009fd00000, 0x000000009fd00000|100%| E|CS|TAMS 0x000000009fc00000| PB 0x000000009fc00000| Complete 
| 509|0x000000009fd00000, 0x000000009fe00000, 0x000000009fe00000|100%| E|CS|TAMS 0x000000009fd00000| PB 0x000000009fd00000| Complete 
| 510|0x000000009fe00000, 0x000000009ff00000, 0x000000009ff00000|100%| E|CS|TAMS 0x000000009fe00000| PB 0x000000009fe00000| Complete 
| 511|0x000000009ff00000, 0x00000000a0000000, 0x00000000a0000000|100%| E|CS|TAMS 0x000000009ff00000| PB 0x000000009ff00000| Complete 
| 512|0x00000000a0000000, 0x00000000a0100000, 0x00000000a0100000|100%| E|CS|TAMS 0x00000000a0000000| PB 0x00000000a0000000| Complete 
| 513|0x00000000a0100000, 0x00000000a0200000, 0x00000000a0200000|100%| E|CS|TAMS 0x00000000a0100000| PB 0x00000000a0100000| Complete 
| 514|0x00000000a0200000, 0x00000000a0300000, 0x00000000a0300000|100%| E|CS|TAMS 0x00000000a0200000| PB 0x00000000a0200000| Complete 
| 515|0x00000000a0300000, 0x00000000a0400000, 0x00000000a0400000|100%| E|CS|TAMS 0x00000000a0300000| PB 0x00000000a0300000| Complete 
| 516|0x00000000a0400000, 0x00000000a0500000, 0x00000000a0500000|100%| E|CS|TAMS 0x00000000a0400000| PB 0x00000000a0400000| Complete 
| 517|0x00000000a0500000, 0x00000000a0600000, 0x00000000a0600000|100%| E|CS|TAMS 0x00000000a0500000| PB 0x00000000a0500000| Complete 
| 518|0x00000000a0600000, 0x00000000a0700000, 0x00000000a0700000|100%| E|CS|TAMS 0x00000000a0600000| PB 0x00000000a0600000| Complete 
| 519|0x00000000a0700000, 0x00000000a0800000, 0x00000000a0800000|100%| E|CS|TAMS 0x00000000a0700000| PB 0x00000000a0700000| Complete 
| 520|0x00000000a0800000, 0x00000000a0900000, 0x00000000a0900000|100%| E|CS|TAMS 0x00000000a0800000| PB 0x00000000a0800000| Complete 
| 521|0x00000000a0900000, 0x00000000a0a00000, 0x00000000a0a00000|100%| E|CS|TAMS 0x00000000a0900000| PB 0x00000000a0900000| Complete 
| 522|0x00000000a0a00000, 0x00000000a0b00000, 0x00000000a0b00000|100%| E|CS|TAMS 0x00000000a0a00000| PB 0x00000000a0a00000| Complete 
| 523|0x00000000a0b00000, 0x00000000a0c00000, 0x00000000a0c00000|100%| E|CS|TAMS 0x00000000a0b00000| PB 0x00000000a0b00000| Complete 
| 524|0x00000000a0c00000, 0x00000000a0d00000, 0x00000000a0d00000|100%| E|CS|TAMS 0x00000000a0c00000| PB 0x00000000a0c00000| Complete 
| 525|0x00000000a0d00000, 0x00000000a0e00000, 0x00000000a0e00000|100%| E|CS|TAMS 0x00000000a0d00000| PB 0x00000000a0d00000| Complete 
| 526|0x00000000a0e00000, 0x00000000a0f00000, 0x00000000a0f00000|100%| E|CS|TAMS 0x00000000a0e00000| PB 0x00000000a0e00000| Complete 
| 527|0x00000000a0f00000, 0x00000000a1000000, 0x00000000a1000000|100%| E|CS|TAMS 0x00000000a0f00000| PB 0x00000000a0f00000| Complete 
| 528|0x00000000a1000000, 0x00000000a1100000, 0x00000000a1100000|100%| E|CS|TAMS 0x00000000a1000000| PB 0x00000000a1000000| Complete 
| 529|0x00000000a1100000, 0x00000000a1200000, 0x00000000a1200000|100%| E|CS|TAMS 0x00000000a1100000| PB 0x00000000a1100000| Complete 
| 530|0x00000000a1200000, 0x00000000a1300000, 0x00000000a1300000|100%| E|CS|TAMS 0x00000000a1200000| PB 0x00000000a1200000| Complete 
| 531|0x00000000a1300000, 0x00000000a1400000, 0x00000000a1400000|100%| E|CS|TAMS 0x00000000a1300000| PB 0x00000000a1300000| Complete 
| 532|0x00000000a1400000, 0x00000000a1500000, 0x00000000a1500000|100%| E|CS|TAMS 0x00000000a1400000| PB 0x00000000a1400000| Complete 
|2020|0x00000000fe400000, 0x00000000fe500000, 0x00000000fe500000|100%| O|  |TAMS 0x00000000fe400000| PB 0x00000000fe400000| Untracked 
|2021|0x00000000fe500000, 0x00000000fe600000, 0x00000000fe600000|100%| O|  |TAMS 0x00000000fe500000| PB 0x00000000fe500000| Untracked 
|2022|0x00000000fe600000, 0x00000000fe700000, 0x00000000fe700000|100%| E|CS|TAMS 0x00000000fe600000| PB 0x00000000fe600000| Complete 
|2034|0x00000000ff200000, 0x00000000ff300000, 0x00000000ff300000|100%| O|  |TAMS 0x00000000ff200000| PB 0x00000000ff200000| Untracked 
|2035|0x00000000ff300000, 0x00000000ff400000, 0x00000000ff400000|100%| E|CS|TAMS 0x00000000ff300000| PB 0x00000000ff300000| Complete 
|2036|0x00000000ff400000, 0x00000000ff500000, 0x00000000ff500000|100%| E|CS|TAMS 0x00000000ff400000| PB 0x00000000ff400000| Complete 
|2037|0x00000000ff500000, 0x00000000ff600000, 0x00000000ff600000|100%| E|CS|TAMS 0x00000000ff500000| PB 0x00000000ff500000| Complete 
|2038|0x00000000ff600000, 0x00000000ff700000, 0x00000000ff700000|100%| E|CS|TAMS 0x00000000ff600000| PB 0x00000000ff600000| Complete 
|2039|0x00000000ff700000, 0x00000000ff800000, 0x00000000ff800000|100%| E|CS|TAMS 0x00000000ff700000| PB 0x00000000ff700000| Complete 
|2040|0x00000000ff800000, 0x00000000ff900000, 0x00000000ff900000|100%| E|CS|TAMS 0x00000000ff800000| PB 0x00000000ff800000| Complete 
|2041|0x00000000ff900000, 0x00000000ffa00000, 0x00000000ffa00000|100%| E|CS|TAMS 0x00000000ff900000| PB 0x00000000ff900000| Complete 
|2042|0x00000000ffa00000, 0x00000000ffb00000, 0x00000000ffb00000|100%| E|CS|TAMS 0x00000000ffa00000| PB 0x00000000ffa00000| Complete 
|2043|0x00000000ffb00000, 0x00000000ffc00000, 0x00000000ffc00000|100%| O|  |TAMS 0x00000000ffb00000| PB 0x00000000ffb00000| Untracked 
|2044|0x00000000ffc00000, 0x00000000ffd00000, 0x00000000ffd00000|100%| O|  |TAMS 0x00000000ffc00000| PB 0x00000000ffc00000| Untracked 
|2045|0x00000000ffd00000, 0x00000000ffe00000, 0x00000000ffe00000|100%| O|  |TAMS 0x00000000ffd00000| PB 0x00000000ffd00000| Untracked 
|2046|0x00000000ffe00000, 0x00000000fff00000, 0x00000000fff00000|100%| O|  |TAMS 0x00000000ffe00000| PB 0x00000000ffe00000| Untracked 
|2047|0x00000000fff00000, 0x0000000100000000, 0x0000000100000000|100%| O|  |TAMS 0x00000000fff00000| PB 0x00000000fff00000| Untracked 

Card table byte_map: [0x0000025afb320000,0x0000025afb720000] _byte_map_base: 0x0000025afaf20000

Marking Bits: (CMBitMap*) 0x0000025af735a140
 Bits: [0x0000025afb720000, 0x0000025afd720000)

Polling page: 0x0000025af4df0000

Metaspace:

Usage:
  Non-class:    187.68 MB used.
      Class:     27.38 MB used.
       Both:    215.06 MB used.

Virtual space:
  Non-class space:      192.00 MB reserved,     188.81 MB ( 98%) committed,  3 nodes.
      Class space:        1.00 GB reserved,      28.38 MB (  3%) committed,  1 nodes.
             Both:        1.19 GB reserved,     217.19 MB ( 18%) committed. 

Chunk freelists:
   Non-Class:  3.00 MB
       Class:  3.68 MB
        Both:  6.67 MB

MaxMetaspaceSize: unlimited
CompressedClassSpaceSize: 1.00 GB
Initial GC threshold: 21.00 MB
Current GC threshold: 361.81 MB
CDS: off
 - commit_granule_bytes: 65536.
 - commit_granule_words: 8192.
 - virtual_space_node_default_size: 8388608.
 - enlarge_chunks_in_place: 1.
 - use_allocation_guard: 0.


Internal statistics:

num_allocs_failed_limit: 9.
num_arena_births: 7792.
num_arena_deaths: 3706.
num_vsnodes_births: 4.
num_vsnodes_deaths: 0.
num_space_committed: 3486.
num_space_uncommitted: 12.
num_chunks_returned_to_freelist: 4587.
num_chunks_taken_from_freelist: 19392.
num_chunk_merges: 1550.
num_chunk_splits: 11424.
num_chunks_enlarged: 6933.
num_inconsistent_stats: 0.

CodeHeap 'non-profiled nmethods': size=119168Kb used=27985Kb max_used=45832Kb free=91182Kb
 bounds [0x0000025a87ba0000, 0x0000025a8a870000, 0x0000025a8f000000]
CodeHeap 'profiled nmethods': size=119104Kb used=47233Kb max_used=70750Kb free=71870Kb
 bounds [0x0000025a80000000, 0x0000025a84530000, 0x0000025a87450000]
CodeHeap 'non-nmethods': size=7488Kb used=2240Kb max_used=4063Kb free=5247Kb
 bounds [0x0000025a87450000, 0x0000025a87850000, 0x0000025a87ba0000]
CodeCache: size=245760Kb, used=77458Kb, max_used=120645Kb, free=168299Kb
 total_blobs=18552, nmethods=17470, adapters=983, full_count=0
Compilation: enabled, stopped_count=0, restarted_count=0

Compilation events (20 events):
Event: 9181.056 Thread 0x0000025a8fbe7a40 nmethod 147370 0x0000025a80ca4c90 code [0x0000025a80ca4e40, 0x0000025a80ca5010]
Event: 9181.097 Thread 0x0000025a8fbd29a0 147371       4       org.gradle.util.Path::parsePath (24 bytes)
Event: 9181.099 Thread 0x0000025a8fbd29a0 nmethod 147371 0x0000025a89aac290 code [0x0000025a89aac440, 0x0000025a89aac5e8]
Event: 9181.286 Thread 0x0000025a8fbe7a40 147372       3       org.gradle.internal.SystemProperties::getUserHome (6 bytes)
Event: 9181.287 Thread 0x0000025a8fbe7a40 nmethod 147372 0x0000025a83478a10 code [0x0000025a83478c00, 0x0000025a83478f68]
Event: 9181.287 Thread 0x0000025a8fbe7a40 147373       3       java.util.ServiceLoader$ModuleServicesLookupIterator::<init> (30 bytes)
Event: 9181.287 Thread 0x0000025a8fbe7a40 nmethod 147373 0x0000025a810ad190 code [0x0000025a810ad360, 0x0000025a810ad628]
Event: 9181.287 Thread 0x0000025a8fbe7a40 147374       3       java.util.ServiceLoader$LazyClassPathLookupIterator::<init> (21 bytes)
Event: 9181.287 Thread 0x0000025a8fbe7a40 nmethod 147374 0x0000025a8082d310 code [0x0000025a8082d500, 0x0000025a8082dad0]
Event: 9181.287 Thread 0x0000025a8fbe7a40 147375       3       java.util.ServiceLoader$2::<init> (15 bytes)
Event: 9181.287 Thread 0x0000025a8fbe7a40 nmethod 147375 0x0000025a81472390 code [0x0000025a81472540, 0x0000025a81472760]
Event: 9181.319 Thread 0x0000025a8fbd29a0 147376   !   4       org.gradle.internal.typeconversion.MapNotationConverter::parseType (269 bytes)
Event: 9181.362 Thread 0x0000025a8fbe7a40 147377       3       java.lang.invoke.LambdaForm$DMH/0x0000000100b49000::newInvokeSpecial (27 bytes)
Event: 9181.362 Thread 0x0000025a8fbe7a40 nmethod 147377 0x0000025a81276210 code [0x0000025a81276400, 0x0000025a812768c8]
Event: 9181.362 Thread 0x0000025a8fbe7a40 147378       3       java.lang.invoke.LambdaForm$MH/0x0000000100b48c00::invoke (45 bytes)
Event: 9181.363 Thread 0x0000025a8fbe7a40 nmethod 147378 0x0000025a80cb1a90 code [0x0000025a80cb1ce0, 0x0000025a80cb26f0]
Event: 9181.363 Thread 0x0000025a8fbe7a40 147379       3       java.lang.invoke.LambdaForm$MH/0x0000000100471400::invoke (45 bytes)
Event: 9181.363 Thread 0x0000025a8fbe7a40 nmethod 147379 0x0000025a80db2910 code [0x0000025a80db2b60, 0x0000025a80db3570]
Event: 9181.363 Thread 0x0000025a8fbe7a40 147380       3       java.lang.invoke.LambdaForm$MH/0x00000001001e2800::invoke (63 bytes)
Event: 9181.363 Thread 0x0000025a8fbe7a40 nmethod 147380 0x0000025a80365610 code [0x0000025a803658c0, 0x0000025a80366828]

GC Heap History (20 events):
Event: 9136.420 GC heap before
{Heap before GC invocations=286 (full 0):
 garbage-first heap   total 573440K, used 506450K [0x0000000080000000, 0x0000000100000000)
  region size 1024K, 336 young (344064K), 8 survivors (8192K)
 Metaspace       used 220171K, committed 222336K, reserved 1245184K
  class space    used 28034K, committed 29056K, reserved 1048576K
}
Event: 9136.434 GC heap after
{Heap after GC invocations=287 (full 0):
 garbage-first heap   total 573440K, used 167890K [0x0000000080000000, 0x0000000100000000)
  region size 1024K, 8 young (8192K), 8 survivors (8192K)
 Metaspace       used 220171K, committed 222336K, reserved 1245184K
  class space    used 28034K, committed 29056K, reserved 1048576K
}
Event: 9142.876 GC heap before
{Heap before GC invocations=287 (full 0):
 garbage-first heap   total 573440K, used 503762K [0x0000000080000000, 0x0000000100000000)
  region size 1024K, 336 young (344064K), 8 survivors (8192K)
 Metaspace       used 220175K, committed 222336K, reserved 1245184K
  class space    used 28034K, committed 29056K, reserved 1048576K
}
Event: 9142.881 GC heap after
{Heap after GC invocations=288 (full 0):
 garbage-first heap   total 573440K, used 166329K [0x0000000080000000, 0x0000000100000000)
  region size 1024K, 6 young (6144K), 6 survivors (6144K)
 Metaspace       used 220175K, committed 222336K, reserved 1245184K
  class space    used 28034K, committed 29056K, reserved 1048576K
}
Event: 9149.529 GC heap before
{Heap before GC invocations=289 (full 0):
 garbage-first heap   total 557056K, used 492985K [0x0000000080000000, 0x0000000100000000)
  region size 1024K, 326 young (333824K), 6 survivors (6144K)
 Metaspace       used 220181K, committed 222336K, reserved 1245184K
  class space    used 28034K, committed 29056K, reserved 1048576K
}
Event: 9149.534 GC heap after
{Heap after GC invocations=290 (full 0):
 garbage-first heap   total 557056K, used 164229K [0x0000000080000000, 0x0000000100000000)
  region size 1024K, 4 young (4096K), 4 survivors (4096K)
 Metaspace       used 220181K, committed 222336K, reserved 1245184K
  class space    used 28034K, committed 29056K, reserved 1048576K
}
Event: 9156.027 GC heap before
{Heap before GC invocations=290 (full 0):
 garbage-first heap   total 557056K, used 492933K [0x0000000080000000, 0x0000000100000000)
  region size 1024K, 326 young (333824K), 4 survivors (4096K)
 Metaspace       used 220192K, committed 222336K, reserved 1245184K
  class space    used 28034K, committed 29056K, reserved 1048576K
}
Event: 9156.041 GC heap after
{Heap after GC invocations=291 (full 0):
 garbage-first heap   total 557056K, used 161568K [0x0000000080000000, 0x0000000100000000)
  region size 1024K, 4 young (4096K), 4 survivors (4096K)
 Metaspace       used 220192K, committed 222336K, reserved 1245184K
  class space    used 28034K, committed 29056K, reserved 1048576K
}
Event: 9162.421 GC heap before
{Heap before GC invocations=291 (full 0):
 garbage-first heap   total 557056K, used 491296K [0x0000000080000000, 0x0000000100000000)
  region size 1024K, 326 young (333824K), 4 survivors (4096K)
 Metaspace       used 220193K, committed 222336K, reserved 1245184K
  class space    used 28034K, committed 29056K, reserved 1048576K
}
Event: 9162.425 GC heap after
{Heap after GC invocations=292 (full 0):
 garbage-first heap   total 557056K, used 161653K [0x0000000080000000, 0x0000000100000000)
  region size 1024K, 4 young (4096K), 4 survivors (4096K)
 Metaspace       used 220193K, committed 222336K, reserved 1245184K
  class space    used 28034K, committed 29056K, reserved 1048576K
}
Event: 9164.139 GC heap before
{Heap before GC invocations=293 (full 0):
 garbage-first heap   total 542720K, used 483189K [0x0000000080000000, 0x0000000100000000)
  region size 1024K, 318 young (325632K), 4 survivors (4096K)
 Metaspace       used 220197K, committed 222336K, reserved 1245184K
  class space    used 28034K, committed 29056K, reserved 1048576K
}
Event: 9164.165 GC heap after
{Heap after GC invocations=294 (full 0):
 garbage-first heap   total 542720K, used 206045K [0x0000000080000000, 0x0000000100000000)
  region size 1024K, 40 young (40960K), 40 survivors (40960K)
 Metaspace       used 220197K, committed 222336K, reserved 1245184K
  class space    used 28034K, committed 29056K, reserved 1048576K
}
Event: 9169.951 GC heap before
{Heap before GC invocations=294 (full 0):
 garbage-first heap   total 542720K, used 484573K [0x0000000080000000, 0x0000000100000000)
  region size 1024K, 312 young (319488K), 40 survivors (40960K)
 Metaspace       used 220198K, committed 222336K, reserved 1245184K
  class space    used 28034K, committed 29056K, reserved 1048576K
}
Event: 9169.989 GC heap after
{Heap after GC invocations=295 (full 0):
 garbage-first heap   total 563200K, used 234550K [0x0000000080000000, 0x0000000100000000)
  region size 1024K, 31 young (31744K), 31 survivors (31744K)
 Metaspace       used 220198K, committed 222336K, reserved 1245184K
  class space    used 28034K, committed 29056K, reserved 1048576K
}
Event: 9175.516 GC heap before
{Heap before GC invocations=295 (full 0):
 garbage-first heap   total 563200K, used 496694K [0x0000000080000000, 0x0000000100000000)
  region size 1024K, 288 young (294912K), 31 survivors (31744K)
 Metaspace       used 220206K, committed 222336K, reserved 1245184K
  class space    used 28034K, committed 29056K, reserved 1048576K
}
Event: 9175.524 GC heap after
{Heap after GC invocations=296 (full 0):
 garbage-first heap   total 563200K, used 228092K [0x0000000080000000, 0x0000000100000000)
  region size 1024K, 19 young (19456K), 19 survivors (19456K)
 Metaspace       used 220206K, committed 222336K, reserved 1245184K
  class space    used 28034K, committed 29056K, reserved 1048576K
}
Event: 9178.319 GC heap before
{Heap before GC invocations=297 (full 0):
 garbage-first heap   total 563200K, used 498428K [0x0000000080000000, 0x0000000100000000)
  region size 1024K, 283 young (289792K), 19 survivors (19456K)
 Metaspace       used 220210K, committed 222336K, reserved 1245184K
  class space    used 28034K, committed 29056K, reserved 1048576K
}
Event: 9178.324 GC heap after
{Heap after GC invocations=298 (full 0):
 garbage-first heap   total 563200K, used 217973K [0x0000000080000000, 0x0000000100000000)
  region size 1024K, 9 young (9216K), 9 survivors (9216K)
 Metaspace       used 220210K, committed 222336K, reserved 1245184K
  class space    used 28034K, committed 29056K, reserved 1048576K
}
Event: 9181.039 GC heap before
{Heap before GC invocations=298 (full 0):
 garbage-first heap   total 563200K, used 504693K [0x0000000080000000, 0x0000000100000000)
  region size 1024K, 290 young (296960K), 9 survivors (9216K)
 Metaspace       used 220215K, committed 222336K, reserved 1245184K
  class space    used 28034K, committed 29056K, reserved 1048576K
}
Event: 9181.046 GC heap after
{Heap after GC invocations=299 (full 0):
 garbage-first heap   total 563200K, used 211700K [0x0000000080000000, 0x0000000100000000)
  region size 1024K, 4 young (4096K), 4 survivors (4096K)
 Metaspace       used 220215K, committed 222336K, reserved 1245184K
  class space    used 28034K, committed 29056K, reserved 1048576K
}

Dll operation events (3 events):
Event: 0.015 Loaded shared library D:\ASTUDIO\jbr\bin\java.dll
Event: 0.019 Loaded shared library D:\ASTUDIO\jbr\bin\zip.dll
Event: 0.481 Loaded shared library D:\ASTUDIO\jbr\bin\verify.dll

Deoptimization events (20 events):
Event: 9072.495 Thread 0x0000025a95a10640 Uncommon trap: trap_request=0xffffff66 fr.pc=0x0000025a88313cb8 relative=0x0000000000001cb8
Event: 9072.495 Thread 0x0000025a95a10640 Uncommon trap: reason=speculate_class_check action=maybe_recompile pc=0x0000025a88313cb8 method=java.util.HashMap.readObject(Ljava/io/ObjectInputStream;)V @ 72 c2
Event: 9072.495 Thread 0x0000025a95a10640 DEOPT PACKING pc=0x0000025a88313cb8 sp=0x00000088804f9de0
Event: 9072.495 Thread 0x0000025a95a10640 DEOPT UNPACKING pc=0x0000025a874a43a2 sp=0x00000088804f9c68 mode 2
Event: 9077.631 Thread 0x0000025a95a10640 DEOPT PACKING pc=0x0000025a80945735 sp=0x00000088804f5ed0
Event: 9077.631 Thread 0x0000025a95a10640 DEOPT UNPACKING pc=0x0000025a874a4b42 sp=0x00000088804f5370 mode 0
Event: 9110.711 Thread 0x0000025a95a10640 DEOPT PACKING pc=0x0000025a837a9940 sp=0x00000088804f9610
Event: 9110.712 Thread 0x0000025a95a10640 DEOPT UNPACKING pc=0x0000025a874a4b42 sp=0x00000088804f8aa0 mode 0
Event: 9136.947 Thread 0x0000025a95a10640 Uncommon trap: trap_request=0xffffffcc fr.pc=0x0000025a87d3063c relative=0x000000000000011c
Event: 9136.947 Thread 0x0000025a95a10640 Uncommon trap: reason=intrinsic_or_type_checked_inlining action=make_not_entrant pc=0x0000025a87d3063c method=com.google.common.collect.RegularImmutableSet.copyIntoArray([Ljava/lang/Object;I)I @ 12 c2
Event: 9136.947 Thread 0x0000025a95a10640 DEOPT PACKING pc=0x0000025a87d3063c sp=0x00000088804f7a00
Event: 9136.947 Thread 0x0000025a95a10640 DEOPT UNPACKING pc=0x0000025a874a43a2 sp=0x00000088804f7998 mode 2
Event: 9164.165 Thread 0x0000025a95a10640 Uncommon trap: trap_request=0xfffffff4 fr.pc=0x0000025a888b7b1c relative=0x000000000000123c
Event: 9164.165 Thread 0x0000025a95a10640 Uncommon trap: reason=null_check action=make_not_entrant pc=0x0000025a888b7b1c method=java.lang.ThreadLocal$ThreadLocalMap.expungeStaleEntry(I)I @ 51 c2
Event: 9164.165 Thread 0x0000025a95a10640 DEOPT PACKING pc=0x0000025a888b7b1c sp=0x00000088804fac70
Event: 9164.165 Thread 0x0000025a95a10640 DEOPT UNPACKING pc=0x0000025a874a43a2 sp=0x00000088804fa938 mode 2
Event: 9169.192 Thread 0x0000025a95a10640 DEOPT PACKING pc=0x0000025a8032cdfe sp=0x00000088804f88b0
Event: 9169.192 Thread 0x0000025a95a10640 DEOPT UNPACKING pc=0x0000025a874a4b42 sp=0x00000088804f7d70 mode 0
Event: 9178.502 Thread 0x0000025a95a10640 DEOPT PACKING pc=0x0000025a831885b2 sp=0x00000088804f9290
Event: 9178.502 Thread 0x0000025a95a10640 DEOPT UNPACKING pc=0x0000025a874a4b42 sp=0x00000088804f8818 mode 0

Classes loaded (20 events):
Event: 5070.174 Loading class sun/security/ssl/Alert
Event: 5070.176 Loading class sun/security/ssl/Alert done
Event: 5070.176 Loading class sun/security/ssl/Alert$AlertConsumer
Event: 5070.176 Loading class sun/security/ssl/Alert$AlertConsumer done
Event: 5070.176 Loading class sun/security/ssl/Alert$Level
Event: 5070.176 Loading class sun/security/ssl/Alert$Level done
Event: 5214.077 Loading class jdk/internal/classfile/ClassBuilder
Event: 5214.083 Loading class jdk/internal/classfile/ClassfileBuilder
Event: 5214.085 Loading class jdk/internal/classfile/ClassfileBuilder done
Event: 5214.086 Loading class jdk/internal/classfile/ClassBuilder done
Event: 5214.086 Loading class jdk/internal/classfile/ClassElement
Event: 5214.087 Loading class jdk/internal/classfile/ClassfileElement
Event: 5214.087 Loading class jdk/internal/classfile/ClassfileElement done
Event: 5214.087 Loading class jdk/internal/classfile/ClassElement done
Event: 6398.364 Loading class java/lang/Throwable$WrappedPrintWriter
Event: 6398.378 Loading class java/lang/Throwable$PrintStreamOrWriter
Event: 6398.382 Loading class java/lang/Throwable$PrintStreamOrWriter done
Event: 6398.382 Loading class java/lang/Throwable$WrappedPrintWriter done
Event: 6403.571 Loading class java/util/Collections$EmptyListIterator
Event: 6403.578 Loading class java/util/Collections$EmptyListIterator done

Classes unloaded (20 events):
Event: 8967.967 Thread 0x0000025a8fa6ad70 Unloading class 0x00000001002c8800 'jdk/internal/reflect/GeneratedSerializationConstructorAccessor311'
Event: 8967.967 Thread 0x0000025a8fa6ad70 Unloading class 0x0000000100318000 'jdk/internal/reflect/GeneratedSerializationConstructorAccessor308'
Event: 8967.967 Thread 0x0000025a8fa6ad70 Unloading class 0x0000000100318c00 'jdk/internal/reflect/GeneratedSerializationConstructorAccessor307'
Event: 8967.967 Thread 0x0000025a8fa6ad70 Unloading class 0x0000000100319800 'jdk/internal/reflect/GeneratedSerializationConstructorAccessor306'
Event: 8967.967 Thread 0x0000025a8fa6ad70 Unloading class 0x00000001003b8400 'jdk/internal/reflect/GeneratedSerializationConstructorAccessor303'
Event: 8967.967 Thread 0x0000025a8fa6ad70 Unloading class 0x00000001004ab000 'jdk/internal/reflect/GeneratedSerializationConstructorAccessor281'
Event: 8967.967 Thread 0x0000025a8fa6ad70 Unloading class 0x0000000100570c00 'jdk/internal/reflect/GeneratedSerializationConstructorAccessor255'
Event: 8996.846 Thread 0x0000025a8fa6ad70 Unloading class 0x0000000100e6c800 'java/lang/invoke/LambdaForm$MH+0x0000000100e6c800'
Event: 8996.846 Thread 0x0000025a8fa6ad70 Unloading class 0x0000000100efe000 'java/lang/invoke/LambdaForm$MH+0x0000000100efe000'
Event: 8996.846 Thread 0x0000025a8fa6ad70 Unloading class 0x0000000100f24800 'java/lang/invoke/LambdaForm$MH+0x0000000100f24800'
Event: 8996.846 Thread 0x0000025a8fa6ad70 Unloading class 0x0000000100f68000 'java/lang/invoke/LambdaForm$MH+0x0000000100f68000'
Event: 8996.846 Thread 0x0000025a8fa6ad70 Unloading class 0x00000001011d8000 'java/lang/invoke/LambdaForm$MH+0x00000001011d8000'
Event: 8996.846 Thread 0x0000025a8fa6ad70 Unloading class 0x0000000101239800 'java/lang/invoke/LambdaForm$MH+0x0000000101239800'
Event: 8996.846 Thread 0x0000025a8fa6ad70 Unloading class 0x0000000101048800 'java/lang/invoke/LambdaForm$MH+0x0000000101048800'
Event: 8996.846 Thread 0x0000025a8fa6ad70 Unloading class 0x0000000101048400 'java/lang/invoke/LambdaForm$MH+0x0000000101048400'
Event: 8996.846 Thread 0x0000025a8fa6ad70 Unloading class 0x0000000100b49000 'java/lang/invoke/LambdaForm$MH+0x0000000100b49000'
Event: 8996.846 Thread 0x0000025a8fa6ad70 Unloading class 0x0000000100b48c00 'java/lang/invoke/LambdaForm$MH+0x0000000100b48c00'
Event: 8996.846 Thread 0x0000025a8fa6ad70 Unloading class 0x0000000100b43c00 'java/lang/invoke/LambdaForm$MH+0x0000000100b43c00'
Event: 8996.846 Thread 0x0000025a8fa6ad70 Unloading class 0x0000000100b43800 'java/lang/invoke/LambdaForm$MH+0x0000000100b43800'
Event: 8996.846 Thread 0x0000025a8fa6ad70 Unloading class 0x0000000100471400 'java/lang/invoke/LambdaForm$MH+0x0000000100471400'

Classes redefined (0 events):
No events

Internal exceptions (20 events):
Event: 9181.413 Thread 0x0000025a95a10640 Exception <a 'sun/nio/fs/WindowsException'{0x000000009c43a4f8}> (0x000000009c43a4f8) 
thrown [s\src\hotspot\share\prims\jni.cpp, line 537]
Event: 9181.413 Thread 0x0000025a95a10640 Exception <a 'sun/nio/fs/WindowsException'{0x000000009c43bcf8}> (0x000000009c43bcf8) 
thrown [s\src\hotspot\share\prims\jni.cpp, line 537]
Event: 9181.413 Thread 0x0000025a95a10640 Exception <a 'sun/nio/fs/WindowsException'{0x000000009c43eea0}> (0x000000009c43eea0) 
thrown [s\src\hotspot\share\prims\jni.cpp, line 537]
Event: 9181.413 Thread 0x0000025a95a10640 Exception <a 'sun/nio/fs/WindowsException'{0x000000009c4403f0}> (0x000000009c4403f0) 
thrown [s\src\hotspot\share\prims\jni.cpp, line 537]
Event: 9181.413 Thread 0x0000025a95a10640 Exception <a 'sun/nio/fs/WindowsException'{0x000000009c443428}> (0x000000009c443428) 
thrown [s\src\hotspot\share\prims\jni.cpp, line 537]
Event: 9181.413 Thread 0x0000025a95a10640 Exception <a 'sun/nio/fs/WindowsException'{0x000000009c444978}> (0x000000009c444978) 
thrown [s\src\hotspot\share\prims\jni.cpp, line 537]
Event: 9181.413 Thread 0x0000025a95a10640 Exception <a 'sun/nio/fs/WindowsException'{0x000000009c446738}> (0x000000009c446738) 
thrown [s\src\hotspot\share\prims\jni.cpp, line 537]
Event: 9181.413 Thread 0x0000025a95a10640 Exception <a 'sun/nio/fs/WindowsException'{0x000000009c447c88}> (0x000000009c447c88) 
thrown [s\src\hotspot\share\prims\jni.cpp, line 537]
Event: 9181.413 Thread 0x0000025a95a10640 Exception <a 'sun/nio/fs/WindowsException'{0x000000009c449c50}> (0x000000009c449c50) 
thrown [s\src\hotspot\share\prims\jni.cpp, line 537]
Event: 9181.413 Thread 0x0000025a95a10640 Exception <a 'sun/nio/fs/WindowsException'{0x000000009c44b1a0}> (0x000000009c44b1a0) 
thrown [s\src\hotspot\share\prims\jni.cpp, line 537]
Event: 9181.413 Thread 0x0000025a95a10640 Exception <a 'sun/nio/fs/WindowsException'{0x000000009c44c830}> (0x000000009c44c830) 
thrown [s\src\hotspot\share\prims\jni.cpp, line 537]
Event: 9181.414 Thread 0x0000025a95a10640 Exception <a 'sun/nio/fs/WindowsException'{0x000000009c44dd80}> (0x000000009c44dd80) 
thrown [s\src\hotspot\share\prims\jni.cpp, line 537]
Event: 9181.414 Thread 0x0000025a95a10640 Exception <a 'sun/nio/fs/WindowsException'{0x000000009c451278}> (0x000000009c451278) 
thrown [s\src\hotspot\share\prims\jni.cpp, line 537]
Event: 9181.414 Thread 0x0000025a95a10640 Exception <a 'sun/nio/fs/WindowsException'{0x000000009c453068}> (0x000000009c453068) 
thrown [s\src\hotspot\share\prims\jni.cpp, line 537]
Event: 9181.739 Thread 0x0000025a96489de0 Exception <a 'sun/nio/fs/WindowsException'{0x000000009c489a60}> (0x000000009c489a60) 
thrown [s\src\hotspot\share\prims\jni.cpp, line 537]
Event: 9181.741 Thread 0x0000025a96489de0 Exception <a 'sun/nio/fs/WindowsException'{0x000000009c498bb8}> (0x000000009c498bb8) 
thrown [s\src\hotspot\share\prims\jni.cpp, line 537]
Event: 9182.402 Thread 0x0000025a95a10640 Exception <a 'sun/nio/fs/WindowsException'{0x000000009c45a038}> (0x000000009c45a038) 
thrown [s\src\hotspot\share\prims\jni.cpp, line 537]
Event: 9182.402 Thread 0x0000025a95a10640 Exception <a 'sun/nio/fs/WindowsException'{0x000000009c45be28}> (0x000000009c45be28) 
thrown [s\src\hotspot\share\prims\jni.cpp, line 537]
Event: 9182.403 Thread 0x0000025a95a10640 Exception <a 'sun/nio/fs/WindowsException'{0x000000009c462b18}> (0x000000009c462b18) 
thrown [s\src\hotspot\share\prims\jni.cpp, line 537]
Event: 9182.403 Thread 0x0000025a95a10640 Exception <a 'sun/nio/fs/WindowsException'{0x000000009c464908}> (0x000000009c464908) 
thrown [s\src\hotspot\share\prims\jni.cpp, line 537]

ZGC Phase Switch (0 events):
No events

VM Operations (20 events):
Event: 9169.219 Executing VM operation: Cleanup
Event: 9169.219 Executing VM operation: Cleanup done
Event: 9169.951 Executing VM operation: G1CollectForAllocation (G1 Evacuation Pause)
Event: 9169.989 Executing VM operation: G1CollectForAllocation (G1 Evacuation Pause) done
Event: 9170.996 Executing VM operation: Cleanup
Event: 9170.996 Executing VM operation: Cleanup done
Event: 9175.038 Executing VM operation: Cleanup
Event: 9175.038 Executing VM operation: Cleanup done
Event: 9175.516 Executing VM operation: G1CollectForAllocation (G1 Evacuation Pause)
Event: 9175.524 Executing VM operation: G1CollectForAllocation (G1 Evacuation Pause) done
Event: 9175.582 Executing VM operation: G1PauseRemark
Event: 9175.588 Executing VM operation: G1PauseRemark done
Event: 9175.643 Executing VM operation: G1PauseCleanup
Event: 9175.643 Executing VM operation: G1PauseCleanup done
Event: 9176.644 Executing VM operation: Cleanup
Event: 9176.644 Executing VM operation: Cleanup done
Event: 9178.319 Executing VM operation: G1CollectForAllocation (G1 Evacuation Pause)
Event: 9178.324 Executing VM operation: G1CollectForAllocation (G1 Evacuation Pause) done
Event: 9181.039 Executing VM operation: G1CollectForAllocation (G1 Evacuation Pause)
Event: 9181.046 Executing VM operation: G1CollectForAllocation (G1 Evacuation Pause) done

Memory protections (0 events):
No events

Nmethod flushes (20 events):
Event: 9175.586 Thread 0x0000025a8fa6ad70 flushing  nmethod 0x0000025a8053b890
Event: 9175.586 Thread 0x0000025a8fa6ad70 flushing  nmethod 0x0000025a81902710
Event: 9175.586 Thread 0x0000025a8fa6ad70 flushing  nmethod 0x0000025a81f3d510
Event: 9175.586 Thread 0x0000025a8fa6ad70 flushing  nmethod 0x0000025a80a70210
Event: 9175.586 Thread 0x0000025a8fa6ad70 flushing  nmethod 0x0000025a825b6790
Event: 9175.586 Thread 0x0000025a8fa6ad70 flushing  nmethod 0x0000025a81ea7690
Event: 9175.586 Thread 0x0000025a8fa6ad70 flushing  nmethod 0x0000025a822f9510
Event: 9175.586 Thread 0x0000025a8fa6ad70 flushing  nmethod 0x0000025a83191b10
Event: 9175.586 Thread 0x0000025a8fa6ad70 flushing  nmethod 0x0000025a80625390
Event: 9175.586 Thread 0x0000025a8fa6ad70 flushing  nmethod 0x0000025a80ca4c90
Event: 9175.586 Thread 0x0000025a8fa6ad70 flushing  nmethod 0x0000025a821ceb90
Event: 9175.586 Thread 0x0000025a8fa6ad70 flushing  nmethod 0x0000025a820d4890
Event: 9175.586 Thread 0x0000025a8fa6ad70 flushing  nmethod 0x0000025a82650c90
Event: 9175.586 Thread 0x0000025a8fa6ad70 flushing  nmethod 0x0000025a8334b390
Event: 9175.586 Thread 0x0000025a8fa6ad70 flushing  nmethod 0x0000025a81efe990
Event: 9175.586 Thread 0x0000025a8fa6ad70 flushing  nmethod 0x0000025a8163fe90
Event: 9175.586 Thread 0x0000025a8fa6ad70 flushing  nmethod 0x0000025a8211ae90
Event: 9175.586 Thread 0x0000025a8fa6ad70 flushing  nmethod 0x0000025a825c1710
Event: 9175.586 Thread 0x0000025a8fa6ad70 flushing  nmethod 0x0000025a80ba0e90
Event: 9175.587 Thread 0x0000025a8fa6ad70 flushing  nmethod 0x0000025a80ba6290

Events (20 events):
Event: 9181.261 Thread 0x0000025a95a10640 Thread added: 0x0000025a99c6d070
Event: 9181.261 Thread 0x0000025a95a10640 Thread added: 0x0000025a99c6d700
Event: 9181.261 Thread 0x0000025a95a10640 Thread added: 0x0000025a99c6b630
Event: 9181.261 Thread 0x0000025a95a10640 Thread added: 0x0000025a99c6e420
Event: 9181.261 Thread 0x0000025a95a10640 Thread added: 0x0000025a99c6bcc0
Event: 9181.261 Thread 0x0000025a95a10640 Thread added: 0x0000025aa41d9100
Event: 9181.261 Thread 0x0000025a95a10640 Thread added: 0x0000025aa41d9790
Event: 9181.261 Thread 0x0000025a95a10640 Thread added: 0x0000025aa41d69a0
Event: 9181.261 Thread 0x0000025a95a10640 Thread added: 0x0000025aa41d6310
Event: 9181.261 Thread 0x0000025a95a10640 Thread added: 0x0000025aa41d83e0
Event: 9181.261 Thread 0x0000025a95a10640 Thread added: 0x0000025aa41d7030
Event: 9181.261 Thread 0x0000025a95a10640 Thread added: 0x0000025aa41d76c0
Event: 9181.261 Thread 0x0000025a95a10640 Thread added: 0x0000025aa41d7d50
Event: 9181.261 Thread 0x0000025a95a10640 Thread added: 0x0000025aa41d8a70
Event: 9181.261 Thread 0x0000025a95a10640 Thread added: 0x0000025a9d605b20
Event: 9181.262 Thread 0x0000025a95a10640 Thread added: 0x0000025a9d6061b0
Event: 9181.262 Thread 0x0000025a95a10640 Thread added: 0x0000025a9d604e00
Event: 9181.262 Thread 0x0000025a95a10640 Thread added: 0x0000025a9d606840
Event: 9181.262 Thread 0x0000025a95a10640 Thread added: 0x0000025a9d606ed0
Event: 9181.293 Thread 0x0000025a95a10640 Thread added: 0x0000025aa32e29b0


Dynamic libraries:
0x00007ff73e010000 - 0x00007ff73e01a000 	D:\ASTUDIO\jbr\bin\java.exe
0x00007ffdf25e0000 - 0x00007ffdf2847000 	C:\Windows\SYSTEM32\ntdll.dll
0x00007ffdf0dd0000 - 0x00007ffdf0e99000 	C:\Windows\System32\KERNEL32.DLL
0x00007ffdefe00000 - 0x00007ffdf01ef000 	C:\Windows\System32\KERNELBASE.dll
0x00007ffdf0200000 - 0x00007ffdf034b000 	C:\Windows\System32\ucrtbase.dll
0x00007ffde53e0000 - 0x00007ffde53f8000 	D:\ASTUDIO\jbr\bin\jli.dll
0x00007ffdc3000000 - 0x00007ffdc301b000 	D:\ASTUDIO\jbr\bin\VCRUNTIME140.dll
0x00007ffdf07d0000 - 0x00007ffdf0995000 	C:\Windows\System32\USER32.dll
0x00007ffdf0350000 - 0x00007ffdf0377000 	C:\Windows\System32\win32u.dll
0x00007ffdf09a0000 - 0x00007ffdf09cb000 	C:\Windows\System32\GDI32.dll
0x00007ffdef730000 - 0x00007ffdef85c000 	C:\Windows\System32\gdi32full.dll
0x00007ffdee930000 - 0x00007ffdeebc3000 	C:\Windows\WinSxS\amd64_microsoft.windows.common-controls_6595b64144ccf1df_6.0.26100.7309_none_3e05feeae336a044\COMCTL32.dll
0x00007ffdefbe0000 - 0x00007ffdefc83000 	C:\Windows\System32\msvcp_win.dll
0x00007ffdf1c20000 - 0x00007ffdf1cc9000 	C:\Windows\System32\msvcrt.dll
0x00007ffdf0c10000 - 0x00007ffdf0c41000 	C:\Windows\System32\IMM32.DLL
0x00007ffdcc3c0000 - 0x00007ffdcc3cc000 	D:\ASTUDIO\jbr\bin\vcruntime140_1.dll
0x00007ffdc3ce0000 - 0x00007ffdc3d6d000 	D:\ASTUDIO\jbr\bin\msvcp140.dll
0x00007ffd394b0000 - 0x00007ffd3a146000 	D:\ASTUDIO\jbr\bin\server\jvm.dll
0x00007ffdf1b60000 - 0x00007ffdf1c14000 	C:\Windows\System32\ADVAPI32.dll
0x00007ffdf0720000 - 0x00007ffdf07c6000 	C:\Windows\System32\sechost.dll
0x00007ffdf0ae0000 - 0x00007ffdf0bf8000 	C:\Windows\System32\RPCRT4.dll
0x00007ffdf0a60000 - 0x00007ffdf0ad4000 	C:\Windows\System32\WS2_32.dll
0x00007ffdef3e0000 - 0x00007ffdef43e000 	C:\Windows\SYSTEM32\POWRPROF.dll
0x00007ffdeb080000 - 0x00007ffdeb0b5000 	C:\Windows\SYSTEM32\WINMM.dll
0x00007ffde4320000 - 0x00007ffde432b000 	C:\Windows\SYSTEM32\VERSION.dll
0x00007ffdef3c0000 - 0x00007ffdef3d4000 	C:\Windows\SYSTEM32\UMPDC.dll
0x00007ffdedbb0000 - 0x00007ffdedbcb000 	C:\Windows\SYSTEM32\kernel.appcore.dll
0x00007ffdcbf10000 - 0x00007ffdcbf1a000 	D:\ASTUDIO\jbr\bin\jimage.dll
0x00007ffdef000000 - 0x00007ffdef242000 	C:\Windows\SYSTEM32\DBGHELP.DLL
0x00007ffdf0380000 - 0x00007ffdf0705000 	C:\Windows\System32\combase.dll
0x00007ffdf0fe0000 - 0x00007ffdf10b6000 	C:\Windows\System32\OLEAUT32.dll
0x00007ffdeedd0000 - 0x00007ffdeee0c000 	C:\Windows\SYSTEM32\dbgcore.DLL
0x00007ffdefc90000 - 0x00007ffdefd35000 	C:\Windows\System32\bcryptPrimitives.dll
0x00007ffde5460000 - 0x00007ffde546e000 	D:\ASTUDIO\jbr\bin\instrument.dll
0x00007ffdc2d90000 - 0x00007ffdc2db0000 	D:\ASTUDIO\jbr\bin\java.dll
0x00007ffdc2ab0000 - 0x00007ffdc2ac8000 	D:\ASTUDIO\jbr\bin\zip.dll
0x00007ffdf1e40000 - 0x00007ffdf2593000 	C:\Windows\System32\SHELL32.dll
0x00007ffdefa70000 - 0x00007ffdefbda000 	C:\Windows\System32\wintypes.dll
0x00007ffdec880000 - 0x00007ffded0de000 	C:\Windows\SYSTEM32\windows.storage.dll
0x00007ffdf1cd0000 - 0x00007ffdf1dc5000 	C:\Windows\System32\SHCORE.dll
0x00007ffdf1dd0000 - 0x00007ffdf1e36000 	C:\Windows\System32\shlwapi.dll
0x00007ffdef650000 - 0x00007ffdef679000 	C:\Windows\SYSTEM32\profapi.dll
0x00007ffdc9fb0000 - 0x00007ffdc9fc0000 	D:\ASTUDIO\jbr\bin\net.dll
0x00007ffde5800000 - 0x00007ffde5928000 	C:\Windows\SYSTEM32\WINHTTP.dll
0x00007ffdee0e0000 - 0x00007ffdee14b000 	C:\Windows\system32\mswsock.dll
0x00007ffdc2a90000 - 0x00007ffdc2aa6000 	D:\ASTUDIO\jbr\bin\nio.dll
0x00007ffdc9e70000 - 0x00007ffdc9e80000 	D:\ASTUDIO\jbr\bin\verify.dll
0x00007ffdc4660000 - 0x00007ffdc4687000 	C:\Users\QFDY\.gradle\native\c067742578af261105cb4f569cf0c3c89f3d7b1fecec35dd04571415982c5e48\windows-amd64\native-platform.dll
0x00007ffdb1970000 - 0x00007ffdb1ab4000 	C:\Users\QFDY\.gradle\native\100fb08df4bc3b14c8652ba06237920a3bd2aa13389f12d3474272988ae205f9\windows-amd64\native-platform-file-events.dll
0x00007ffdc9df0000 - 0x00007ffdc9df9000 	D:\ASTUDIO\jbr\bin\management.dll
0x00007ffdc7250000 - 0x00007ffdc725b000 	D:\ASTUDIO\jbr\bin\management_ext.dll
0x00007ffdf0710000 - 0x00007ffdf0718000 	C:\Windows\System32\PSAPI.DLL
0x00007ffdef250000 - 0x00007ffdef26b000 	C:\Windows\SYSTEM32\CRYPTSP.dll
0x00007ffdee150000 - 0x00007ffdee18a000 	C:\Windows\system32\rsaenh.dll
0x00007ffdee1d0000 - 0x00007ffdee1fb000 	C:\Windows\SYSTEM32\USERENV.dll
0x00007ffdef620000 - 0x00007ffdef64a000 	C:\Windows\SYSTEM32\bcrypt.dll
0x00007ffdee430000 - 0x00007ffdee43c000 	C:\Windows\SYSTEM32\CRYPTBASE.dll
0x00007ffded630000 - 0x00007ffded664000 	C:\Windows\SYSTEM32\IPHLPAPI.DLL
0x00007ffdf1b30000 - 0x00007ffdf1b3a000 	C:\Windows\System32\NSI.dll
0x00007ffdc6d30000 - 0x00007ffdc6d39000 	D:\ASTUDIO\jbr\bin\extnet.dll
0x00007ffdaddf0000 - 0x00007ffdaddf8000 	C:\Windows\system32\wshunix.dll
0x00007ffdbcca0000 - 0x00007ffdbccb8000 	C:\Windows\system32\napinsp.dll
0x00007ffded6d0000 - 0x00007ffded7fc000 	C:\Windows\SYSTEM32\DNSAPI.dll
0x00007ffdbcc80000 - 0x00007ffdbcc92000 	C:\Windows\System32\winrnr.dll
0x00007ffdbcc50000 - 0x00007ffdbcc72000 	C:\Windows\system32\nlansp_c.dll
0x00007ffdbcc30000 - 0x00007ffdbcc46000 	C:\Windows\system32\wshbth.dll
0x00007ffde4500000 - 0x00007ffde450b000 	C:\Windows\System32\rasadhlp.dll
0x00007ffde62f0000 - 0x00007ffde6376000 	C:\Windows\System32\fwpuclnt.dll
0x00007ffdcc040000 - 0x00007ffdcc047000 	D:\ASTUDIO\jbr\bin\rmi.dll
0x00007ffdeeea0000 - 0x00007ffdeeed6000 	C:\Windows\SYSTEM32\ntmarta.dll

JVMTI agents:
C:\Users\QFDY\.gradle\wrapper\dists\gradle-8.11.1-bin\bpt9gzteqjrbo1mjrsomdt32c\gradle-8.11.1\lib\agents\gradle-instrumentation-agent-8.11.1.jar path:D:\ASTUDIO\jbr\bin\instrument.dll, loaded, initialized, instrumentlib options:none

dbghelp: loaded successfully - version: 4.0.5 - missing functions: none
symbol engine: initialized successfully - sym options: 0x614 - pdb path: .;D:\ASTUDIO\jbr\bin;C:\Windows\SYSTEM32;C:\Windows\WinSxS\amd64_microsoft.windows.common-controls_6595b64144ccf1df_6.0.26100.7309_none_3e05feeae336a044;D:\ASTUDIO\jbr\bin\server;C:\Users\QFDY\.gradle\native\c067742578af261105cb4f569cf0c3c89f3d7b1fecec35dd04571415982c5e48\windows-amd64;C:\Users\QFDY\.gradle\native\100fb08df4bc3b14c8652ba06237920a3bd2aa13389f12d3474272988ae205f9\windows-amd64

VM Arguments:
jvm_args: --add-opens=java.base/java.lang=ALL-UNNAMED --add-opens=java.base/java.lang.invoke=ALL-UNNAMED --add-opens=java.base/java.util=ALL-UNNAMED --add-opens=java.prefs/java.util.prefs=ALL-UNNAMED --add-exports=jdk.compiler/com.sun.tools.javac.api=ALL-UNNAMED --add-exports=jdk.compiler/com.sun.tools.javac.util=ALL-UNNAMED --add-opens=java.base/java.util=ALL-UNNAMED --add-opens=java.prefs/java.util.prefs=ALL-UNNAMED --add-opens=java.base/java.nio.charset=ALL-UNNAMED --add-opens=java.base/java.net=ALL-UNNAMED --add-opens=java.base/java.util.concurrent.atomic=ALL-UNNAMED --add-opens=java.xml/javax.xml.namespace=ALL-UNNAMED -Xmx2048m -Dfile.encoding=UTF-8 -Duser.country=CN -Duser.language=zh -Duser.variant -javaagent:C:\Users\QFDY\.gradle\wrapper\dists\gradle-8.11.1-bin\bpt9gzteqjrbo1mjrsomdt32c\gradle-8.11.1\lib\agents\gradle-instrumentation-agent-8.11.1.jar 
java_command: org.gradle.launcher.daemon.bootstrap.GradleDaemon 8.11.1
java_class_path (initial): C:\Users\QFDY\.gradle\wrapper\dists\gradle-8.11.1-bin\bpt9gzteqjrbo1mjrsomdt32c\gradle-8.11.1\lib\gradle-daemon-main-8.11.1.jar
Launcher Type: SUN_STANDARD

[Global flags]
     intx CICompilerCount                          = 12                                        {product} {ergonomic}
     uint ConcGCThreads                            = 4                                         {product} {ergonomic}
     uint G1ConcRefinementThreads                  = 15                                        {product} {ergonomic}
   size_t G1HeapRegionSize                         = 1048576                                   {product} {ergonomic}
    uintx GCDrainStackTargetSize                   = 64                                        {product} {ergonomic}
   size_t InitialHeapSize                          = 264241152                                 {product} {ergonomic}
   size_t MarkStackSize                            = 4194304                                   {product} {ergonomic}
   size_t MaxHeapSize                              = 2147483648                                {product} {command line}
   size_t MaxNewSize                               = 1287651328                                {product} {ergonomic}
   size_t MinHeapDeltaBytes                        = 1048576                                   {product} {ergonomic}
   size_t MinHeapSize                              = 8388608                                   {product} {ergonomic}
    uintx NonNMethodCodeHeapSize                   = 7602480                                {pd product} {ergonomic}
    uintx NonProfiledCodeHeapSize                  = 122027880                              {pd product} {ergonomic}
    uintx ProfiledCodeHeapSize                     = 122027880                              {pd product} {ergonomic}
    uintx ReservedCodeCacheSize                    = 251658240                              {pd product} {ergonomic}
     bool SegmentedCodeCache                       = true                                      {product} {ergonomic}
   size_t SoftMaxHeapSize                          = 2147483648                             {manageable} {ergonomic}
     bool UseCompressedOops                        = true                           {product lp64_product} {ergonomic}
     bool UseG1GC                                  = true                                      {product} {ergonomic}
     bool UseLargePagesIndividualAllocation        = false                                  {pd product} {ergonomic}

Logging:
Log output configuration:
 #0: stdout all=warning uptime,level,tags foldmultilines=false
 #1: stderr all=off uptime,level,tags foldmultilines=false

Release file:
JAVA_VERSION="21.0.9" 
MODULES="java.base java.compiler java.datatransfer java.xml java.prefs java.desktop java.instrument java.logging java.management java.security.sasl java.naming java.rmi java.management.rmi java.net.http java.scripting java.security.jgss java.transaction.xa java.sql java.sql.rowset java.xml.crypto java.se java.smartcardio jdk.accessibility jdk.internal.jvmstat jdk.attach jdk.charsets jdk.internal.opt jdk.zipfs jdk.compiler jdk.crypto.ec jdk.crypto.cryptoki jdk.dynalink jdk.hotspot.agent jdk.httpserver jdk.internal.ed jdk.internal.le jdk.internal.vm.ci jdk.jartool jdk.javadoc jdk.jcmd jdk.jdeps jdk.jdwp.agent jdk.jdi jdk.jfr jdk.jlink jdk.jsobject jdk.localedata jdk.management jdk.management.agent jdk.management.jfr jdk.naming.dns jdk.naming.rmi jdk.net jdk.sctp jdk.security.auth jdk.security.jgss jdk.unsupported jdk.unsupported.desktop jdk.xml.dom" 
IMPLEMENTOR="JetBrains s.r.o." 
JAVA_RUNTIME_VERSION="21.0.9+-14787801-b1163.94" 
LIBC="default" 
OS_ARCH="x86_64" 
OS_NAME="Windows" 
SOURCE=".:git:0c757ddc9f2f" 

Environment Variables:
CLASSPATH=D:\RawSMusic\\gradle\wrapper\gradle-wrapper.jar
PATH=D:\bin\;C:\Program Files (x86)\Common Files\Oracle\Java\java8path;C:\Program Files (x86)\Common Files\Oracle\Java\javapath;C:\Program Files\NVIDIA GPU Computing Toolkit\CUDA\v12.8\bin;C:\Program Files\NVIDIA GPU Computing Toolkit\CUDA\v12.8\libnvvp;C:\Windows\system32;C:\Windows;C:\Windows\System32\Wbem;C:\Windows\System32\WindowsPowerShell\v1.0\;C:\Windows\System32\OpenSSH\;C:\Program Files\dotnet\;C:\Program Files (x86)\NVIDIA Corporation\PhysX\Common;C:\Program Files\NVIDIA Corporation\NVIDIA App\NvDLISR;C:\Program Files\NVIDIA Corporation\Nsight Compute 2025.1.0\;C:\Program Files\Git\cmd;C:\Program Files\nodejs\;d:\Trae CN\bin;C:\Users\QFDY\AppData\Local\Programs\Python\Python310\Scripts\;C:\Users\QFDY\AppData\Local\Programs\Python\Python310\;C:\Users\QFDY\AppData\Local\Microsoft\WindowsApps;D:\Microsoft VS Code\bin;D:\CodeBuddy CN\bin;C:\Users\QFDY\AppData\Roaming\npm
USERNAME=QFDY
TERM=xterm-256color
OS=Windows_NT
PROCESSOR_IDENTIFIER=Intel64 Family 6 Model 191 Stepping 2, GenuineIntel
TMP=C:\Users\QFDY\AppData\Local\Temp
TEMP=C:\Users\QFDY\AppData\Local\Temp




Periodic native trim disabled

JNI global refs:
JNI global refs: 38, weak refs: 1

JNI global refs memory usage: 835, weak refs: 1281

Process memory usage:
Resident Set Size: 999220K (6% of 16481728K total physical memory with 1008900K free physical memory)

OOME stack traces (most recent first):
Classloader memory used:
Loader org.gradle.internal.classloader.VisitableURLClassLoader$InstrumentingVisitableURLClassLoader: 91817K
Loader org.gradle.internal.classloader.VisitableURLClassLoader                         : 51397K
Loader bootstrap                                                                       : 39251K
Loader org.gradle.initialization.MixInLegacyTypesClassLoader                           : 18675K
Loader jdk.internal.loader.ClassLoaders$AppClassLoader                                 : 9795K
Loader java.net.URLClassLoader                                                         : 6814K
Loader jdk.internal.loader.ClassLoaders$PlatformClassLoader                            : 1168K
Loader org.gradle.internal.classloader.VisitableURLClassLoader                         : 917K
Loader jdk.internal.reflect.DelegatingClassLoader                                      : 383K
Loader sun.reflect.misc.MethodUtil                                                     : 2984B

Classes loaded by more than one classloader:
Class Program                                                                         : loaded 24 times (x 72B)
Class Build_gradle                                                                    : loaded 20 times (x 130B)
Class Build_gradle$1                                                                  : loaded 19 times (x 74B)
Class org.gradle.kotlin.dsl.ImplementationConfigurationAccessorsKt                    : loaded 10 times (x 71B)
Class Build_gradle$2                                                                  : loaded 10 times (x 79B)
Class Build_gradle$1$2                                                                : loaded 9 times (x 79B)
Class Build_gradle$1$3                                                                : loaded 9 times (x 78B)
Class Build_gradle$1$1                                                                : loaded 9 times (x 78B)
Class org.gradle.kotlin.dsl.VersionCatalogAccessorsKt                                 : loaded 9 times (x 71B)
Class org.gradle.kotlin.dsl.Accessorsddyeb7w41u46k0luktll7npbKt                       : loaded 8 times (x 71B)
Class org.gradle.kotlin.dsl.Accessors7y9hz5zm5pocrb21isjhik2uhKt                      : loaded 8 times (x 71B)
Class Build_gradle$1$4                                                                : loaded 8 times (x 74B)
Class Build_gradle$1$5                                                                : loaded 4 times (x 78B)
Class kotlin.jvm.internal.CallableReference$NoReceiver                                : loaded 3 times (x 71B)
Class kotlin.collections.ArraysKt__ArraysJVMKt                                        : loaded 3 times (x 71B)
Class kotlin.collections.SetsKt__SetsKt                                               : loaded 3 times (x 71B)
Class kotlin.LazyKt                                                                   : loaded 3 times (x 71B)
Class kotlin.collections.ArraysKt                                                     : loaded 3 times (x 71B)
Class kotlin.ranges.RangesKt___RangesKt                                               : loaded 3 times (x 71B)
Class kotlin.KotlinNullPointerException                                               : loaded 3 times (x 83B)
Class kotlin.text.StringsKt__StringBuilderKt                                          : loaded 3 times (x 71B)
Class kotlin.sequences.SequencesKt__SequenceBuilderKt                                 : loaded 3 times (x 71B)
Class kotlin.collections.MapsKt                                                       : loaded 3 times (x 71B)
Class kotlin.collections.CollectionsKt__IterablesKt                                   : loaded 3 times (x 71B)
Class kotlin.Lazy                                                                     : loaded 3 times (x 70B)
Class kotlin.jvm.internal.Intrinsics                                                  : loaded 3 times (x 71B)
Class kotlin.reflect.KAnnotatedElement                                                : loaded 3 times (x 70B)
Class kotlin.NoWhenBranchMatchedException                                             : loaded 3 times (x 82B)
Class kotlin.sequences.ConstrainedOnceSequence                                        : loaded 3 times (x 75B)
Class kotlin.enums.EnumEntriesKt                                                      : loaded 3 times (x 71B)
Class kotlin.text.StringsKt___StringsKt                                               : loaded 3 times (x 71B)
Class kotlin.collections.CollectionsKt__MutableCollectionsJVMKt                       : loaded 3 times (x 71B)
Class kotlin.jvm.internal.markers.KMappedMarker                                       : loaded 3 times (x 70B)
Class kotlin.collections.MapsKt__MapWithDefaultKt                                     : loaded 3 times (x 71B)
Class kotlin.collections.MapsKt___MapsKt                                              : loaded 3 times (x 71B)
Class kotlin.io.FilesKt                                                               : loaded 3 times (x 71B)
Class kotlin.collections.ArraysKt___ArraysKt                                          : loaded 3 times (x 71B)
Class kotlin.text.StringsKt___StringsJvmKt                                            : loaded 3 times (x 71B)
Class kotlin.io.FilesKt__FileTreeWalkKt                                               : loaded 3 times (x 71B)
Class kotlin.collections.CollectionsKt___CollectionsKt                                : loaded 3 times (x 71B)
Class kotlin.collections.EmptySet                                                     : loaded 3 times (x 122B)
Class kotlin.collections.MapsKt___MapsJvmKt                                           : loaded 3 times (x 71B)
Class kotlin.jvm.functions.Function1                                                  : loaded 3 times (x 70B)
Class kotlin.collections.CollectionsKt                                                : loaded 3 times (x 71B)
Class kotlin.ranges.RangesKt                                                          : loaded 3 times (x 71B)
Class kotlin.TuplesKt                                                                 : loaded 3 times (x 71B)
Class kotlin.sequences.SequencesKt___SequencesKt                                      : loaded 3 times (x 71B)
Class kotlin.collections.AbstractList$Companion                                       : loaded 3 times (x 71B)
Class kotlin.sequences.SequencesKt___SequencesJvmKt                                   : loaded 3 times (x 71B)
Class kotlin.Unit                                                                     : loaded 3 times (x 71B)
Class kotlin.collections.CollectionsKt___CollectionsJvmKt                             : loaded 3 times (x 71B)
Class kotlin.collections.SetsKt___SetsKt                                              : loaded 3 times (x 71B)
Class kotlin.sequences.SequencesKt__SequencesKt                                       : loaded 3 times (x 71B)
Class kotlin.ranges.RangesKt__RangesKt                                                : loaded 3 times (x 71B)
Class kotlin.UNINITIALIZED_VALUE                                                      : loaded 3 times (x 71B)
Class kotlin.text.StringsKt__StringBuilderJVMKt                                       : loaded 3 times (x 71B)
Class kotlin.LazyKt__LazyKt                                                           : loaded 3 times (x 71B)
Class kotlin.NotImplementedError                                                      : loaded 3 times (x 82B)
Class kotlin.text.StringsKt__AppendableKt                                             : loaded 3 times (x 71B)
Class kotlin.collections.AbstractCollection                                           : loaded 3 times (x 117B)
Class kotlin.collections.AbstractList                                                 : loaded 3 times (x 197B)
Class kotlin.sequences.SequencesKt__SequencesJVMKt                                    : loaded 3 times (x 71B)
Class kotlin.text.StringsKt__StringsKt                                                : loaded 3 times (x 71B)
Class kotlin.text.StringsKt__RegexExtensionsKt                                        : loaded 3 times (x 71B)
Class kotlin.SynchronizedLazyImpl                                                     : loaded 3 times (x 76B)
Class kotlin.io.FileSystemException                                                   : loaded 3 times (x 82B)
Class kotlin.reflect.KDeclarationContainer                                            : loaded 3 times (x 70B)
Class kotlin.enums.EnumEntries                                                        : loaded 3 times (x 70B)
Class kotlin.jvm.internal.CallableReference                                           : loaded 3 times (x 106B)
Class kotlin.text.StringsKt__StringNumberConversionsKt                                : loaded 3 times (x 71B)
Class kotlin.io.FilesKt__FileReadWriteKt                                              : loaded 3 times (x 71B)
Class kotlin.LazyKt__LazyJVMKt                                                        : loaded 3 times (x 71B)
Class kotlin.text.StringsKt                                                           : loaded 3 times (x 71B)
Class kotlin.sequences.Sequence                                                       : loaded 3 times (x 70B)
Class kotlin.text.StringsKt__StringNumberConversionsJVMKt                             : loaded 3 times (x 71B)
Class kotlin.collections.CollectionsKt__IteratorsKt                                   : loaded 3 times (x 71B)
Class kotlin.sequences.SequencesKt                                                    : loaded 3 times (x 71B)
Class kotlin.io.FilesKt__UtilsKt                                                      : loaded 3 times (x 71B)
Class kotlin.collections.CollectionsKt__CollectionsJVMKt                              : loaded 3 times (x 71B)
Class Build_gradle$1$2$1                                                              : loaded 3 times (x 79B)
Class kotlin.collections.CollectionsKt__ReversedViewsKt                               : loaded 3 times (x 71B)
Class kotlin.UninitializedPropertyAccessException                                     : loaded 3 times (x 82B)
Class kotlin.collections.MapsKt__MapsKt                                               : loaded 3 times (x 71B)
Class kotlin.jvm.internal.Lambda                                                      : loaded 3 times (x 75B)
Class kotlin.reflect.KFunction                                                        : loaded 3 times (x 70B)
Class kotlin.jvm.functions.Function0                                                  : loaded 3 times (x 70B)
Class kotlin.text.StringsKt__IndentKt                                                 : loaded 3 times (x 71B)
Class kotlin.collections.SetsKt                                                       : loaded 3 times (x 71B)
Class kotlin.text.StringsKt__StringsJVMKt                                             : loaded 3 times (x 71B)
Class kotlin.io.FileAlreadyExistsException                                            : loaded 3 times (x 82B)
Class kotlin.Function                                                                 : loaded 3 times (x 70B)
Class kotlin.collections.SetsKt__SetsJVMKt                                            : loaded 3 times (x 71B)
Class kotlin.collections.ArraysKt__ArraysKt                                           : loaded 3 times (x 71B)
Class kotlin.collections.MapsKt__MapsJVMKt                                            : loaded 3 times (x 71B)
Class kotlin.collections.EmptyList                                                    : loaded 3 times (x 174B)
Class kotlin.jvm.KotlinReflectionNotSupportedError                                    : loaded 3 times (x 82B)
Class kotlin.io.FilesKt__FilePathComponentsKt                                         : loaded 3 times (x 71B)
Class kotlin.io.TerminateException                                                    : loaded 3 times (x 82B)
Class kotlin.reflect.KCallable                                                        : loaded 3 times (x 70B)
Class kotlin.io.CloseableKt                                                           : loaded 3 times (x 71B)
Class kotlin.collections.CollectionsKt__MutableCollectionsKt                          : loaded 3 times (x 71B)
Class kotlin.Pair                                                                     : loaded 3 times (x 72B)
Class kotlin.collections.ArraysKt___ArraysJvmKt                                       : loaded 3 times (x 71B)
Class kotlin.collections.CollectionsKt__CollectionsKt                                 : loaded 3 times (x 71B)
Class kotlin.text.StringsKt__RegexExtensionsJVMKt                                     : loaded 3 times (x 71B)
Class kotlin.collections.CollectionsKt__IteratorsJVMKt                                : loaded 3 times (x 71B)
Class kotlin.enums.EnumEntriesList                                                    : loaded 3 times (x 223B)
Class kotlin.jvm.internal.FunctionBase                                                : loaded 3 times (x 70B)
Class kotlin.jvm.internal.FunctionReference                                           : loaded 3 times (x 122B)
Class kotlin.io.NoSuchFileException                                                   : loaded 3 times (x 82B)
Class [Lcom.google.common.collect.Maps$EntryFunction;                                 : loaded 2 times (x 69B)
Class com.google.common.collect.ComparisonChain$1                                     : loaded 2 times (x 81B)
Class com.google.common.collect.AllEqualOrdering                                      : loaded 2 times (x 114B)
Class com.google.common.cache.LocalCache$Strength$3                                   : loaded 2 times (x 81B)
Class com.google.common.collect.MapDifference                                         : loaded 2 times (x 70B)
Class com.google.common.base.Splitter$1                                               : loaded 2 times (x 77B)
Class kotlin._Assertions                                                              : loaded 2 times (x 71B)
Class com.google.common.reflect.Invokable                                             : loaded 2 times (x 103B)
Class com.google.common.collect.MapMaker$Dummy                                        : loaded 2 times (x 79B)
Class org.objectweb.asm.FieldWriter                                                   : loaded 2 times (x 78B)
Class com.google.common.cache.CacheBuilder$NullListener                               : loaded 2 times (x 82B)
Class org.gradle.internal.classpath.TransformedClassPath                              : loaded 2 times (x 96B)
Class org.gradle.internal.classloader.InstrumentingClassLoader                        : loaded 2 times (x 70B)
Class com.google.common.collect.Interner                                              : loaded 2 times (x 70B)
Class com.google.common.collect.Interners$InternerImpl                                : loaded 2 times (x 75B)
Class org.apache.commons.io.IOCase                                                    : loaded 2 times (x 80B)
Class org.apache.commons.io.filefilter.AbstractFileFilter                             : loaded 2 times (x 116B)
Class com.google.common.collect.Maps$IteratorBasedAbstractMap$1                       : loaded 2 times (x 138B)
Class org.apache.commons.io.output.UnsynchronizedByteArrayOutputStream                : loaded 2 times (x 102B)
Class com.google.common.collect.ImmutableRangeSet$AsSet                               : loaded 2 times (x 299B)
Class com.google.common.cache.CacheLoader$FunctionToCacheLoader                       : loaded 2 times (x 75B)
Class com.google.common.collect.Iterators$ArrayItr                                    : loaded 2 times (x 97B)
Class com.google.common.collect.ImmutableCollection$Builder                           : loaded 2 times (x 76B)
Class com.google.common.io.ByteStreams                                                : loaded 2 times (x 71B)
Class kotlin.comparisons.ComparisonsKt___ComparisonsJvmKt                             : loaded 2 times (x 71B)
Class com.google.common.collect.BaseImmutableMultimap                                 : loaded 2 times (x 123B)
Class org.apache.commons.io.output.ByteArrayOutputStream                              : loaded 2 times (x 102B)
Class com.google.common.base.Joiner                                                   : loaded 2 times (x 79B)
Class com.google.common.base.MoreObjects                                              : loaded 2 times (x 71B)
Class org.jetbrains.kotlin.utils.CollectionsKt                                        : loaded 2 times (x 71B)
Class org.jetbrains.kotlin.build.report.metrics.GradleBuildTime                       : loaded 2 times (x 86B)
Class [Lorg.objectweb.asm.Type;                                                       : loaded 2 times (x 69B)
Class com.google.common.collect.Platform                                              : loaded 2 times (x 71B)
Class com.google.common.collect.UnmodifiableIterator                                  : loaded 2 times (x 80B)
Class org.gradle.internal.service.ServiceLocator                                      : loaded 2 times (x 70B)
Class com.google.common.cache.LocalCache$Strength$2                                   : loaded 2 times (x 81B)
Class [Lkotlin.Function;                                                              : loaded 2 times (x 69B)
Class com.google.common.collect.ImmutableSortedMap$Builder                            : loaded 2 times (x 90B)
Class org.apache.commons.io.FileExistsException                                       : loaded 2 times (x 82B)
Class com.google.common.collect.HashBiMap$BiEntry                                     : loaded 2 times (x 83B)
Class com.google.common.collect.SingletonImmutableBiMap                               : loaded 2 times (x 143B)
Class com.google.common.base.Ascii                                                    : loaded 2 times (x 71B)
Class com.google.common.cache.LocalCache$1                                            : loaded 2 times (x 89B)
Class com.google.common.collect.AbstractMapEntry                                      : loaded 2 times (x 81B)
Class com.google.common.util.concurrent.SettableFuture                                : loaded 2 times (x 114B)
Class org.apache.commons.io.output.QueueOutputStream                                  : loaded 2 times (x 87B)
Class kotlin.collections.CollectionsKt___CollectionsKt$withIndex$1                    : loaded 2 times (x 79B)
Class com.google.common.reflect.TypeToken$SimpleTypeToken                             : loaded 2 times (x 73B)
Class com.google.common.io.CharSource$StringCharSource                                : loaded 2 times (x 86B)
Class com.google.common.io.ByteSource$ByteArrayByteSource                             : loaded 2 times (x 85B)
Class com.google.common.collect.MapMakerInternalMap$AbstractStrongKeyEntry            : loaded 2 times (x 80B)
Class com.google.common.collect.AbstractSetMultimap                                   : loaded 2 times (x 174B)
Class com.google.common.collect.Sets$ImprovedAbstractSet                              : loaded 2 times (x 135B)
Class com.google.common.collect.ImmutableList$Builder                                 : loaded 2 times (x 77B)
Class com.google.common.cache.LocalCache$2                                            : loaded 2 times (x 142B)
Class com.google.common.collect.AbstractMultimap                                      : loaded 2 times (x 123B)
Class com.google.common.collect.Collections2$FilteredCollection                       : loaded 2 times (x 119B)
Class kotlin.collections.MapWithDefault                                               : loaded 2 times (x 70B)
Class com.google.common.cache.LocalCache$Strength$1                                   : loaded 2 times (x 81B)
Class com.google.common.collect.ImmutableRangeSet$1                                   : loaded 2 times (x 209B)
Class com.google.common.util.concurrent.AbstractFuture$UnsafeAtomicHelper$1           : loaded 2 times (x 76B)
Class com.google.common.collect.RegularImmutableAsList                                : loaded 2 times (x 216B)
Class kotlin.io.LinesSequence$iterator$1                                              : loaded 2 times (x 79B)
Class kotlin.text.CharsKt                                                             : loaded 2 times (x 71B)
Class com.google.common.base.Optional                                                 : loaded 2 times (x 80B)
Class com.google.common.collect.Range                                                 : loaded 2 times (x 87B)
Class com.google.common.util.concurrent.AbstractFuture$Trusted                        : loaded 2 times (x 70B)
Class com.google.common.collect.Iterators                                             : loaded 2 times (x 71B)
Class com.google.common.base.CharMatcher$RangesMatcher                                : loaded 2 times (x 112B)
Class [Lorg.jetbrains.kotlin.build.report.metrics.BuildTime;                          : loaded 2 times (x 69B)
Class org.objectweb.asm.ModuleVisitor                                                 : loaded 2 times (x 81B)
Class com.google.common.io.ByteSink$AsCharSink                                        : loaded 2 times (x 80B)
Class com.google.common.collect.ExplicitOrdering                                      : loaded 2 times (x 115B)
Class com.google.common.util.concurrent.UncheckedExecutionException                   : loaded 2 times (x 82B)
Class com.google.common.collect.Lists$StringAsImmutableList                           : loaded 2 times (x 207B)
Class com.google.common.collect.ImmutableSortedSetFauxverideShim                      : loaded 2 times (x 147B)
Class com.google.common.base.CharMatcher$JavaLetterOrDigit                            : loaded 2 times (x 111B)
Class org.gradle.internal.InternalTransformer                                         : loaded 2 times (x 70B)
Class com.google.common.collect.Sets$4                                                : loaded 2 times (x 139B)
Class com.google.common.collect.MapMakerInternalMap$StrongValueEntry                  : loaded 2 times (x 70B)
Class com.google.common.collect.ImmutableBiMap$Builder                                : loaded 2 times (x 82B)
Class com.google.common.collect.HashMultimapGwtSerializationDependencies              : loaded 2 times (x 174B)
Class com.google.common.collect.AbstractMapBasedMultimap$KeySet$1                     : loaded 2 times (x 82B)
Class org.objectweb.asm.ClassWriter                                                   : loaded 2 times (x 106B)
Class com.google.common.cache.CacheLoader$UnsupportedLoadingOperationException        : loaded 2 times (x 82B)
Class com.google.common.base.CharMatcher$And                                          : loaded 2 times (x 112B)
Class org.gradle.internal.classloader.ClasspathUtil$1                                 : loaded 2 times (x 76B)
Class com.google.common.collect.FluentIterable$1                                      : loaded 2 times (x 81B)
Class com.google.common.base.Objects                                                  : loaded 2 times (x 71B)
Class org.objectweb.asm.FieldVisitor                                                  : loaded 2 times (x 77B)
Class com.google.common.collect.IndexedImmutableSet                                   : loaded 2 times (x 150B)
Class com.google.common.collect.ImmutableMap$1                                        : loaded 2 times (x 81B)
Class com.google.common.collect.BiMap                                                 : loaded 2 times (x 70B)
Class org.gradle.api.internal.classpath.DefaultModuleRegistry$DefaultModule           : loaded 2 times (x 86B)
Class org.jetbrains.kotlin.name.ClassId                                               : loaded 2 times (x 72B)
Class com.google.common.collect.FluentIterable$2                                      : loaded 2 times (x 81B)
Class com.google.common.base.Absent                                                   : loaded 2 times (x 80B)
Class com.google.common.collect.NullsFirstOrdering                                    : loaded 2 times (x 115B)
Class com.google.common.primitives.Ints                                               : loaded 2 times (x 71B)
Class com.google.common.collect.AbstractIterator                                      : loaded 2 times (x 82B)
Class [Lorg.apache.commons.io.IOCase;                                                 : loaded 2 times (x 69B)
Class kotlin.collections.IndexingIterable                                             : loaded 2 times (x 79B)
Class com.google.common.collect.FluentIterable$3                                      : loaded 2 times (x 81B)
Class com.google.common.math.MathPreconditions                                        : loaded 2 times (x 71B)
Class com.google.common.collect.Multiset                                              : loaded 2 times (x 70B)
Class com.google.common.collect.ArrayListMultimapGwtSerializationDependencies         : loaded 2 times (x 172B)
Class com.google.common.collect.ObjectArrays                                          : loaded 2 times (x 71B)
Class com.google.common.collect.AbstractIndexedListIterator                           : loaded 2 times (x 96B)
Class com.google.common.io.ByteArrayDataInput                                         : loaded 2 times (x 70B)
Class org.gradle.internal.service.UnknownServiceException                             : loaded 2 times (x 83B)
Class org.apache.commons.io.output.NullOutputStream                                   : loaded 2 times (x 85B)
Class com.google.common.collect.ImmutableMapEntrySet                                  : loaded 2 times (x 151B)
Class org.gradle.api.internal.classpath.Module                                        : loaded 2 times (x 70B)
Class com.google.common.base.AbstractIterator$State                                   : loaded 2 times (x 79B)
Class com.google.common.cache.Weigher                                                 : loaded 2 times (x 70B)
Class org.gradle.api.internal.classpath.UnknownModuleException                        : loaded 2 times (x 82B)
Class org.apache.commons.io.Charsets                                                  : loaded 2 times (x 71B)
Class com.google.common.collect.AbstractMapBasedMultimap$WrappedNavigableSet          : loaded 2 times (x 280B)
Class com.google.common.base.Stopwatch                                                : loaded 2 times (x 72B)
Class com.google.common.cache.LocalCache$Strength                                     : loaded 2 times (x 81B)
Class com.google.common.cache.Cache                                                   : loaded 2 times (x 70B)
Class kotlin.collections.IndexingIterator                                             : loaded 2 times (x 79B)
Class org.jetbrains.kotlin.build.report.metrics.BuildMetricsReporter                  : loaded 2 times (x 70B)
Class com.google.common.io.AppendableWriter                                           : loaded 2 times (x 100B)
Class com.google.common.io.Files$2                                                    : loaded 2 times (x 76B)
Class org.apache.commons.io.filefilter.IOFileFilter                                   : loaded 2 times (x 70B)
Class com.google.common.util.concurrent.AbstractFuture$Cancellation                   : loaded 2 times (x 72B)
Class com.google.common.collect.ImmutableMap$Builder                                  : loaded 2 times (x 82B)
Class com.google.common.base.NullnessCasts                                            : loaded 2 times (x 71B)
Class [Lkotlin.reflect.KAnnotatedElement;                                             : loaded 2 times (x 69B)
Class kotlin.io.ByteStreamsKt                                                         : loaded 2 times (x 71B)
Class com.google.common.collect.Maps$EntryFunction$1                                  : loaded 2 times (x 91B)
Class com.google.common.base.Present                                                  : loaded 2 times (x 81B)
Class com.google.common.collect.AbstractMapBasedMultimap$WrappedCollection$WrappedIterator: loaded 2 times (x 84B)
Class com.google.common.cache.RemovalListener                                         : loaded 2 times (x 70B)
Class org.gradle.api.internal.DefaultClassPathRegistry                                : loaded 2 times (x 76B)
Class com.google.common.reflect.Invokable$ConstructorInvokable                        : loaded 2 times (x 107B)
Class org.apache.commons.io.file.DeleteOption                                         : loaded 2 times (x 70B)
Class com.google.common.collect.Maps$EntryFunction$2                                  : loaded 2 times (x 91B)
Class com.google.common.primitives.IntsMethodsForWeb                                  : loaded 2 times (x 71B)
Class com.google.common.collect.Multimap                                              : loaded 2 times (x 70B)
Class org.gradle.api.internal.ClassPathRegistry                                       : loaded 2 times (x 70B)
Class org.gradle.internal.classpath.DefaultClassPath$ImmutableUniqueList              : loaded 2 times (x 199B)
Class kotlin.jvm.internal.TypeIntrinsics                                              : loaded 2 times (x 71B)
Class com.google.common.cache.LocalCache$LocalLoadingCache                            : loaded 2 times (x 134B)
Class com.google.common.reflect.TypeToken                                             : loaded 2 times (x 73B)
Class com.google.common.collect.NullnessCasts                                         : loaded 2 times (x 71B)
Class com.google.common.collect.MapMakerInternalMap$Segment                           : loaded 2 times (x 142B)
Class com.google.common.base.ExtraObjectsMethodsForWeb                                : loaded 2 times (x 71B)
Class org.apache.commons.io.IOUtils                                                   : loaded 2 times (x 71B)
Class com.google.common.util.concurrent.AbstractFuture$SafeAtomicHelper               : loaded 2 times (x 79B)
Class com.google.common.collect.Sets$3                                                : loaded 2 times (x 139B)
Class [Lorg.objectweb.asm.AnnotationVisitor;                                          : loaded 2 times (x 69B)
Class com.google.common.cache.RemovalCause                                            : loaded 2 times (x 80B)
Class com.google.common.io.ByteSink                                                   : loaded 2 times (x 76B)
Class com.google.common.cache.CacheBuilder                                            : loaded 2 times (x 72B)
Class com.google.common.collect.SingletonImmutableList                                : loaded 2 times (x 207B)
Class Settings_gradle$1                                                               : loaded 2 times (x 75B)
Class org.gradle.internal.classpath.ClassPath                                         : loaded 2 times (x 70B)
Class org.gradle.api.UncheckedIOException                                             : loaded 2 times (x 82B)
Class com.google.common.collect.MapMakerInternalMap$Strength$2                        : loaded 2 times (x 80B)
Class com.google.common.collect.Interners$InternerBuilder                             : loaded 2 times (x 76B)
Class com.google.common.io.Files$FileByteSource                                       : loaded 2 times (x 85B)
Class com.google.common.collect.AbstractMapBasedMultimap$WrappedSortedSet             : loaded 2 times (x 228B)
Class com.google.common.collect.ImmutableList$ReverseImmutableList                    : loaded 2 times (x 208B)
Class com.google.common.base.JdkPattern                                               : loaded 2 times (x 75B)
Class org.gradle.api.internal.ClassPathProvider                                       : loaded 2 times (x 70B)
Class [Lorg.gradle.api.internal.ClassPathProvider;                                    : loaded 2 times (x 69B)
Class com.google.common.io.CharStreams$NullWriter                                     : loaded 2 times (x 99B)
Class com.google.common.io.CharSource$CharSequenceCharSource                          : loaded 2 times (x 86B)
Class org.objectweb.asm.SymbolTable$Entry                                             : loaded 2 times (x 74B)
Class com.google.common.util.concurrent.AbstractFuture$AtomicHelper                   : loaded 2 times (x 78B)
Class org.objectweb.asm.Edge                                                          : loaded 2 times (x 72B)
Class com.google.common.base.Suppliers$SupplierOfInstance                             : loaded 2 times (x 79B)
Class com.google.common.collect.Iterators$1                                           : loaded 2 times (x 81B)
Class kotlin.Metadata                                                                 : loaded 2 times (x 70B)
Class com.google.common.collect.Sets$2                                                : loaded 2 times (x 139B)
Class com.google.common.collect.NaturalOrdering                                       : loaded 2 times (x 115B)
Class com.google.common.reflect.TypeToken$1                                           : loaded 2 times (x 110B)
Class com.google.common.cache.LocalCache$ComputingValueReference                      : loaded 2 times (x 96B)
Class com.google.common.collect.SingletonImmutableSet                                 : loaded 2 times (x 146B)
Class com.google.common.collect.ImmutableMap$IteratorBasedImmutableMap                : loaded 2 times (x 125B)
Class com.google.common.reflect.TypeToken$2                                           : loaded 2 times (x 110B)
Class com.google.common.cache.LocalCache$Segment                                      : loaded 2 times (x 154B)
Class com.google.common.collect.SortedIterable                                        : loaded 2 times (x 70B)
Class [Lorg.objectweb.asm.SymbolTable$Entry;                                          : loaded 2 times (x 69B)
Class com.google.common.cache.CacheLoader                                             : loaded 2 times (x 74B)
Class com.google.common.collect.Iterators$4                                           : loaded 2 times (x 82B)
Class com.google.common.collect.ImmutableBiMap                                        : loaded 2 times (x 143B)
Class com.google.common.collect.AbstractListMultimap                                  : loaded 2 times (x 172B)
Class org.gradle.internal.installation.GradleInstallation$1                           : loaded 2 times (x 75B)
Class org.gradle.api.internal.classpath.ModuleRegistry                                : loaded 2 times (x 70B)
Class org.apache.commons.io.output.NullWriter                                         : loaded 2 times (x 99B)
Class com.google.common.util.concurrent.internal.InternalFutureFailureAccess          : loaded 2 times (x 72B)
Class com.google.common.collect.Iterators$5                                           : loaded 2 times (x 82B)
Class com.google.common.collect.ImmutableSet$JdkBackedSetBuilderImpl                  : loaded 2 times (x 76B)
Class com.google.common.base.Splitter$SplittingIterator                               : loaded 2 times (x 84B)
Class org.jetbrains.kotlin.name.FqNameUnsafe                                          : loaded 2 times (x 72B)
Class [Lcom.google.common.base.Function;                                              : loaded 2 times (x 69B)
Class com.google.common.collect.ImmutableSortedAsList                                 : loaded 2 times (x 220B)
Class com.google.common.collect.Iterators$6                                           : loaded 2 times (x 81B)
Class com.google.common.io.Closer$SuppressingSuppressor                               : loaded 2 times (x 75B)
Class com.google.common.collect.HashBiMap$Inverse                                     : loaded 2 times (x 142B)
Class com.google.common.util.concurrent.AbstractFuture$UnsafeAtomicHelper             : loaded 2 times (x 78B)
Class com.google.common.cache.LocalCache$LocalManualCache$1                           : loaded 2 times (x 75B)
Class com.google.common.base.CharMatcher$ForPredicate                                 : loaded 2 times (x 112B)
Class com.google.common.collect.Maps$ViewCachingAbstractMap                           : loaded 2 times (x 125B)
Class com.google.common.collect.MapMakerInternalMap$Strength$1                        : loaded 2 times (x 80B)
Class com.google.common.collect.ImmutableSortedMap$1EntrySet                          : loaded 2 times (x 153B)
Class com.google.common.collect.ImmutableCollection                                   : loaded 2 times (x 125B)
Class com.google.common.base.CharMatcher$AnyOf                                        : loaded 2 times (x 112B)
Class org.gradle.api.internal.classpath.DefaultModuleRegistry                         : loaded 2 times (x 86B)
Class org.apache.commons.io.FilenameUtils                                             : loaded 2 times (x 71B)
Class com.google.common.io.CharSource$ConcatenatedCharSource                          : loaded 2 times (x 86B)
Class kotlin.collections.IndexedValue                                                 : loaded 2 times (x 72B)
Class org.jetbrains.kotlin.build.report.metrics.GradleBuildTime$Companion             : loaded 2 times (x 71B)
Class com.google.common.util.concurrent.ListenableFuture                              : loaded 2 times (x 70B)
Class com.google.common.cache.ReferenceEntry                                          : loaded 2 times (x 70B)
Class com.google.common.collect.ImmutableSet$CachingAsList                            : loaded 2 times (x 147B)
Class com.google.common.base.Converter                                                : loaded 2 times (x 90B)
Class com.google.common.collect.Lists                                                 : loaded 2 times (x 71B)
Class com.google.common.base.CharMatcher$Any                                          : loaded 2 times (x 112B)
Class org.gradle.api.internal.DefaultClassPathProvider                                : loaded 2 times (x 76B)
Class com.google.common.util.concurrent.AbstractFuture                                : loaded 2 times (x 106B)
Class com.google.common.base.FunctionalEquivalence                                    : loaded 2 times (x 83B)
Class com.google.common.collect.Iterators$9                                           : loaded 2 times (x 81B)
Class com.google.common.collect.AbstractMapBasedMultimap                              : loaded 2 times (x 139B)
Class com.google.common.collect.ImmutableAsList                                       : loaded 2 times (x 209B)
Class com.google.common.base.Splitter                                                 : loaded 2 times (x 72B)
Class com.google.common.io.CharStreams                                                : loaded 2 times (x 71B)
Class org.objectweb.asm.RecordComponentVisitor                                        : loaded 2 times (x 77B)
Class com.google.common.cache.CacheLoader$SupplierToCacheLoader                       : loaded 2 times (x 75B)
Class org.objectweb.asm.AnnotationVisitor                                             : loaded 2 times (x 78B)
Class com.google.common.collect.Sets$1                                                : loaded 2 times (x 139B)
Class [Lkotlin.Pair;                                                                  : loaded 2 times (x 69B)
Class com.google.common.collect.UsingToStringOrdering                                 : loaded 2 times (x 114B)
Class com.google.common.collect.Maps$EntryTransformer                                 : loaded 2 times (x 70B)
Class org.gradle.internal.service.ServiceLookupException                              : loaded 2 times (x 82B)
Class com.google.common.collect.Lists$ReverseList                                     : loaded 2 times (x 200B)
Class com.google.common.collect.ImmutableSortedSet                                    : loaded 2 times (x 299B)
Class [Lcom.google.common.cache.LocalCache$EntryFactory;                              : loaded 2 times (x 69B)
Class com.google.common.base.CharMatcher$JavaLetter                                   : loaded 2 times (x 111B)
Class org.gradle.internal.classloader.ClassLoaderFactory                              : loaded 2 times (x 70B)
Class [Lorg.apache.commons.io.FileSystem;                                             : loaded 2 times (x 69B)
Class com.google.common.collect.ImmutableMap$SerializedForm                           : loaded 2 times (x 73B)
Class com.google.common.collect.AbstractSortedKeySortedSetMultimap                    : loaded 2 times (x 219B)
Class org.apache.commons.io.CloseableURLConnection                                    : loaded 2 times (x 117B)
Class com.google.common.cache.LocalCache$LocalManualCache                             : loaded 2 times (x 99B)
Class com.google.common.base.CharMatcher$IsNot                                        : loaded 2 times (x 111B)
Class com.google.common.base.CommonPattern                                            : loaded 2 times (x 74B)
Class org.gradle.internal.service.CachingServiceLocator                               : loaded 2 times (x 82B)
Class com.google.common.collect.ImmutableSet$SerializedForm                           : loaded 2 times (x 73B)
Class org.apache.commons.io.filefilter.ConditionalFileFilter                          : loaded 2 times (x 70B)
Class com.google.common.collect.AbstractMapBasedMultimap$KeySet                       : loaded 2 times (x 137B)
Class com.google.common.collect.RegularImmutableSortedSet                             : loaded 2 times (x 299B)
Class com.google.common.math.IntMath                                                  : loaded 2 times (x 71B)
Class org.jetbrains.kotlin.build.report.metrics.BuildTime                             : loaded 2 times (x 70B)
Class com.google.common.collect.MapMakerInternalMap$InternalEntry                     : loaded 2 times (x 70B)
Class [Lcom.google.common.collect.HashBiMap$BiEntry;                                  : loaded 2 times (x 69B)
Class com.google.common.collect.Iterators$10                                          : loaded 2 times (x 81B)
Class com.google.common.collect.ImmutableMapEntry                                     : loaded 2 times (x 85B)
Class com.google.common.base.CharMatcher$JavaDigit                                    : loaded 2 times (x 111B)
Class com.google.common.collect.ComparatorOrdering                                    : loaded 2 times (x 115B)
Class org.jetbrains.kotlin.name.FqName                                                : loaded 2 times (x 72B)
Class org.jetbrains.kotlin.build.report.metrics.DoNothingBuildMetricsReporter         : loaded 2 times (x 86B)
Class com.google.common.collect.ImmutableMultimap                                     : loaded 2 times (x 147B)
Class com.google.common.base.Predicates                                               : loaded 2 times (x 71B)
Class com.google.common.base.Equivalence                                              : loaded 2 times (x 82B)
Class com.google.common.collect.ImmutableMapEntry$NonTerminalImmutableMapEntry        : loaded 2 times (x 85B)
Class com.google.common.base.Function                                                 : loaded 2 times (x 70B)
Class org.jetbrains.kotlin.name.ClassId$Companion                                     : loaded 2 times (x 71B)
Class org.apache.commons.io.output.AbstractByteArrayOutputStream                      : loaded 2 times (x 102B)
Class com.google.common.collect.IndexedImmutableSet$1                                 : loaded 2 times (x 212B)
Class com.google.common.cache.CacheBuilder$OneWeigher                                 : loaded 2 times (x 82B)
Class com.google.common.collect.RegularImmutableList                                  : loaded 2 times (x 212B)
Class com.google.common.collect.Iterators$EmptyModifiableIterator                     : loaded 2 times (x 86B)
Class com.google.common.collect.ImmutableSortedMap                                    : loaded 2 times (x 217B)
Class com.google.common.collect.Maps$EntryFunction                                    : loaded 2 times (x 91B)
Class com.google.common.collect.TreeMultimap                                          : loaded 2 times (x 228B)
Class com.google.common.collect.ImmutableBiMapFauxverideShim                          : loaded 2 times (x 120B)
Class org.gradle.internal.classloader.ClasspathUtil                                   : loaded 2 times (x 71B)
Class [Lkotlin.reflect.KCallable;                                                     : loaded 2 times (x 69B)
Class com.google.common.collect.ComparisonChain                                       : loaded 2 times (x 80B)
Class com.google.common.base.Charsets                                                 : loaded 2 times (x 71B)
Class com.google.common.util.concurrent.Uninterruptibles                              : loaded 2 times (x 71B)
Class kotlin.jvm.internal.DefaultConstructorMarker                                    : loaded 2 times (x 71B)
Class com.google.common.io.CharSource                                                 : loaded 2 times (x 85B)
Class com.google.common.collect.Maps                                                  : loaded 2 times (x 71B)
Class com.google.common.base.CharMatcher$JavaUpperCase                                : loaded 2 times (x 111B)
Class org.gradle.api.specs.Spec                                                       : loaded 2 times (x 70B)
Class org.jetbrains.kotlin.name.Name                                                  : loaded 2 times (x 75B)
Class com.google.common.collect.MapMaker                                              : loaded 2 times (x 72B)
Class org.apache.commons.io.file.PathFilter                                           : loaded 2 times (x 70B)
Class com.google.common.collect.AbstractSortedSetMultimap                             : loaded 2 times (x 214B)
Class [Lcom.google.common.collect.ImmutableEntry;                                     : loaded 2 times (x 69B)
Class com.google.common.collect.Sets$3$1                                              : loaded 2 times (x 82B)
Class com.google.common.cache.LocalCache$LoadingValueReference                        : loaded 2 times (x 96B)
Class com.google.common.collect.ListMultimap                                          : loaded 2 times (x 70B)
Class kotlin.collections.EmptyIterator                                                : loaded 2 times (x 89B)
Class com.google.common.collect.ImmutableEnumMap                                      : loaded 2 times (x 125B)
Class com.google.common.collect.ImmutableRangeSet                                     : loaded 2 times (x 115B)
Class com.google.common.reflect.Invokable$MethodInvokable                             : loaded 2 times (x 107B)
Class com.google.common.io.LineReader$1                                               : loaded 2 times (x 75B)
Class org.apache.commons.io.filefilter.AndFileFilter                                  : loaded 2 times (x 127B)
Class com.google.common.collect.MapMakerInternalMap$StrongKeyDummyValueEntry          : loaded 2 times (x 82B)
Class com.google.common.base.Platform                                                 : loaded 2 times (x 71B)
Class org.apache.commons.io.output.StringBuilderWriter                                : loaded 2 times (x 100B)
Class kotlin.io.FilePathComponents                                                    : loaded 2 times (x 72B)
Class [Lorg.apache.commons.io.StandardLineSeparator;                                  : loaded 2 times (x 69B)
Class com.google.common.collect.AbstractIterator$1                                    : loaded 2 times (x 71B)
Class org.gradle.api.internal.classpath.EffectiveClassPath                            : loaded 2 times (x 90B)
Class com.google.common.collect.AbstractMapBasedMultimap$WrappedList                  : loaded 2 times (x 205B)
Class com.google.common.collect.CompoundOrdering                                      : loaded 2 times (x 115B)
Class [Lorg.objectweb.asm.AnnotationWriter;                                           : loaded 2 times (x 69B)
Class com.google.common.primitives.Ints$IntConverter                                  : loaded 2 times (x 90B)
Class com.google.common.collect.Maps$8                                                : loaded 2 times (x 82B)
Class [Lcom.google.common.collect.ImmutableMapEntry;                                  : loaded 2 times (x 69B)
Class com.google.common.collect.Ordering                                              : loaded 2 times (x 114B)
Class kotlin.collections.ArrayAsCollection                                            : loaded 2 times (x 105B)
Class [Lcom.google.common.collect.Iterators$EmptyModifiableIterator;                  : loaded 2 times (x 69B)
Class com.google.common.base.Predicates$CompositionPredicate                          : loaded 2 times (x 88B)
Class com.google.common.collect.Lists$ReverseList$1                                   : loaded 2 times (x 99B)
Class com.google.common.collect.ImmutableRangeSet$Builder                             : loaded 2 times (x 77B)
Class com.google.common.collect.Sets$SetView                                          : loaded 2 times (x 138B)
Class com.google.common.cache.LocalCache$StrongValueReference                         : loaded 2 times (x 90B)
Class com.google.common.util.concurrent.AbstractFuture$SynchronizedHelper             : loaded 2 times (x 78B)
Class com.google.common.base.CharMatcher$Invisible                                    : loaded 2 times (x 112B)
Class org.gradle.internal.classloader.ClassLoaderVisitor                              : loaded 2 times (x 76B)
Class com.google.common.graph.SuccessorsFunction                                      : loaded 2 times (x 70B)
Class org.objectweb.asm.Type                                                          : loaded 2 times (x 72B)
Class org.gradle.internal.classloader.VisitableURLClassLoader$InstrumentingVisitableURLClassLoader: loaded 2 times (x 123B)
Class com.google.common.base.CharMatcher$None                                         : loaded 2 times (x 112B)
Class com.google.common.collect.ReverseNaturalOrdering                                : loaded 2 times (x 114B)
Class [Lcom.google.common.collect.AbstractIterator$State;                             : loaded 2 times (x 69B)
Class kotlin.comparisons.ComparisonsKt__ComparisonsKt                                 : loaded 2 times (x 71B)
Class com.google.common.collect.MapMakerInternalMap$StrongKeyDummyValueEntry$Helper   : loaded 2 times (x 79B)
Class org.apache.commons.io.FileUtils                                                 : loaded 2 times (x 71B)
Class com.google.common.io.Files$FileByteSink                                         : loaded 2 times (x 77B)
Class org.objectweb.asm.ByteVector                                                    : loaded 2 times (x 79B)
Class [Lcom.google.common.cache.CacheBuilder$NullListener;                            : loaded 2 times (x 69B)
Class com.google.common.math.IntMath$1                                                : loaded 2 times (x 71B)
Class org.gradle.internal.classloader.VisitableURLClassLoader$Spec                    : loaded 2 times (x 74B)
Class org.gradle.internal.classpath.DefaultClassPath                                  : loaded 2 times (x 90B)
Class kotlin.text.CharsKt__CharJVMKt                                                  : loaded 2 times (x 71B)
Class kotlin.comparisons.ComparisonsKt                                                : loaded 2 times (x 71B)
Class kotlin.comparisons.ComparisonsKt___ComparisonsKt                                : loaded 2 times (x 71B)
Class kotlin.sequences.FilteringSequence                                              : loaded 2 times (x 75B)
Class [Lorg.jetbrains.kotlin.build.report.metrics.GradleBuildTime;                    : loaded 2 times (x 69B)
Class com.google.common.collect.ImmutableSortedMap$1EntrySet$1                        : loaded 2 times (x 212B)
Class org.objectweb.asm.Symbol                                                        : loaded 2 times (x 73B)
Class com.google.common.base.AbstractIterator                                         : loaded 2 times (x 80B)
Class com.google.common.io.Java8Compatibility                                         : loaded 2 times (x 71B)
Class com.google.common.collect.Sets$FilteredSet                                      : loaded 2 times (x 137B)
Class com.google.common.io.Closer                                                     : loaded 2 times (x 78B)
Class com.google.common.collect.RegularImmutableMap$Values                            : loaded 2 times (x 207B)
Class com.google.common.collect.ImmutableSet                                          : loaded 2 times (x 145B)
Class com.google.common.base.CharMatcher$BitSetMatcher                                : loaded 2 times (x 112B)
Class com.google.common.base.CharMatcher$Ascii                                        : loaded 2 times (x 112B)
Class org.gradle.internal.classloader.ClassLoaderSpec                                 : loaded 2 times (x 71B)
Class org.apache.commons.io.file.PathUtils                                            : loaded 2 times (x 71B)
Class com.google.common.io.ByteSource$EmptyByteSource                                 : loaded 2 times (x 85B)
Class org.objectweb.asm.AnnotationWriter                                              : loaded 2 times (x 79B)
Class com.google.common.cache.CacheStats                                              : loaded 2 times (x 71B)
Class com.google.common.io.ByteSource$ConcatenatedByteSource                          : loaded 2 times (x 85B)
Class com.google.common.collect.ImmutableSortedMapFauxverideShim                      : loaded 2 times (x 120B)
Class org.gradle.internal.classloader.DefaultClassLoaderFactory                       : loaded 2 times (x 82B)
Class com.google.common.collect.Interners                                             : loaded 2 times (x 71B)
Class com.google.common.io.LineProcessor                                              : loaded 2 times (x 70B)
Class com.google.common.io.Closer$Suppressor                                          : loaded 2 times (x 70B)
Class org.objectweb.asm.RecordComponentWriter                                         : loaded 2 times (x 78B)
Class com.google.common.util.concurrent.AbstractFuture$Listener                       : loaded 2 times (x 72B)
Class com.google.common.base.CharMatcher$Or                                           : loaded 2 times (x 112B)
Class Settings_gradle$1$1                                                             : loaded 2 times (x 75B)
Class com.google.common.base.Platform$JdkPatternCompiler                              : loaded 2 times (x 75B)
Class com.google.common.collect.ForwardingSet                                         : loaded 2 times (x 151B)
Class org.objectweb.asm.Attribute                                                     : loaded 2 times (x 77B)
Class com.google.common.base.Supplier                                                 : loaded 2 times (x 70B)
Class org.gradle.internal.classloader.VisitableURLClassLoader                         : loaded 2 times (x 117B)
Class com.google.common.base.Suppliers                                                : loaded 2 times (x 71B)
Class kotlin.collections.ArraysUtilJVM                                                : loaded 2 times (x 71B)
Class com.google.common.io.CharSource$AsByteSource                                    : loaded 2 times (x 85B)
Class org.apache.commons.io.file.PathVisitor                                          : loaded 2 times (x 70B)
Class com.google.common.collect.ImmutableList$SerializedForm                          : loaded 2 times (x 73B)
Class com.google.common.util.concurrent.AbstractFuture$Waiter                         : loaded 2 times (x 72B)
Class Settings_gradle                                                                 : loaded 2 times (x 128B)
Class org.gradle.internal.Cast                                                        : loaded 2 times (x 71B)
Class org.gradle.api.Action                                                           : loaded 2 times (x 70B)
Class [Lcom.google.common.cache.CacheBuilder$OneWeigher;                              : loaded 2 times (x 69B)
Class com.google.common.collect.MapMakerInternalMap                                   : loaded 2 times (x 161B)
Class com.google.common.collect.HashBiMap                                             : loaded 2 times (x 143B)
Class com.google.common.collect.Sets                                                  : loaded 2 times (x 71B)
Class org.objectweb.asm.Handler                                                       : loaded 2 times (x 72B)
Class com.google.common.base.Ticker                                                   : loaded 2 times (x 72B)
Class com.google.common.base.Strings                                                  : loaded 2 times (x 71B)
Class com.google.common.base.CharMatcher$FastMatcher                                  : loaded 2 times (x 111B)
Class kotlin.jvm.functions.Function2                                                  : loaded 2 times (x 70B)
Class com.google.common.collect.ImmutableSortedSet$Builder                            : loaded 2 times (x 86B)
Class com.google.common.cache.RemovalCause$1                                          : loaded 2 times (x 80B)
Class [Lcom.google.common.cache.LocalCache$Segment;                                   : loaded 2 times (x 69B)
Class [Lcom.google.common.cache.LocalCache$Strength;                                  : loaded 2 times (x 69B)
Class com.google.common.cache.CacheBuilder$1                                          : loaded 2 times (x 85B)
Class com.google.common.collect.ImmutableMap                                          : loaded 2 times (x 120B)
Class com.google.common.base.Predicate                                                : loaded 2 times (x 70B)
Class org.gradle.internal.classpath.DefaultClassPath$ImmutableUniqueList$Builder      : loaded 2 times (x 75B)
Class org.objectweb.asm.MethodTooLargeException                                       : loaded 2 times (x 83B)
Class kotlin.jvm.functions.Function3                                                  : loaded 2 times (x 70B)
Class com.google.common.cache.RemovalCause$2                                          : loaded 2 times (x 80B)
Class com.google.common.collect.MapMakerInternalMap$WeakValueReference                : loaded 2 times (x 70B)
Class com.google.common.collect.AbstractRangeSet                                      : loaded 2 times (x 114B)
Class com.google.common.cache.LocalCache                                              : loaded 2 times (x 187B)
Class com.google.common.cache.CacheBuilder$2                                          : loaded 2 times (x 72B)
Class com.google.common.base.CharMatcher$NegatedFastMatcher                           : loaded 2 times (x 113B)
Class kotlin.annotation.Target                                                        : loaded 2 times (x 70B)
Class com.google.common.collect.MapMakerInternalMap$Strength                          : loaded 2 times (x 80B)
Class com.google.common.collect.MapMakerInternalMap$StrongKeyDummyValueEntry$LinkedStrongKeyDummyValueEntry: loaded 2 times (x 82B)
Class com.google.common.cache.RemovalCause$3                                          : loaded 2 times (x 80B)
Class [Lcom.google.common.collect.AbstractMapEntry;                                   : loaded 2 times (x 69B)
Class com.google.common.collect.ImmutableEntry                                        : loaded 2 times (x 82B)
Class com.google.common.collect.ArrayListMultimap                                     : loaded 2 times (x 172B)
Class com.google.common.base.AbstractIterator$1                                       : loaded 2 times (x 71B)
Class com.google.common.base.CharMatcher$Digit                                        : loaded 2 times (x 112B)
Class org.gradle.api.GradleException                                                  : loaded 2 times (x 82B)
Class kotlin.annotation.Retention                                                     : loaded 2 times (x 70B)
Class org.jetbrains.kotlin.name.FqNameUnsafe$1                                        : loaded 2 times (x 74B)
Class kotlin.io.LinesSequence                                                         : loaded 2 times (x 75B)
Class com.google.common.io.CharSource$EmptyCharSource                                 : loaded 2 times (x 86B)
Class com.google.common.cache.RemovalCause$4                                          : loaded 2 times (x 80B)
Class com.google.common.base.Suppliers$MemoizingSupplier                              : loaded 2 times (x 79B)
Class org.apache.commons.io.StandardLineSeparator                                     : loaded 2 times (x 79B)
Class com.google.common.collect.CollectPreconditions                                  : loaded 2 times (x 71B)
Class com.google.common.base.CharMatcher$JavaIsoControl                               : loaded 2 times (x 112B)
Class com.google.common.collect.UnmodifiableListIterator                              : loaded 2 times (x 95B)
Class org.objectweb.asm.ClassVisitor                                                  : loaded 2 times (x 88B)
Class [Lorg.objectweb.asm.Symbol;                                                     : loaded 2 times (x 69B)
Class com.google.common.cache.RemovalCause$5                                          : loaded 2 times (x 80B)
Class [Lcom.google.common.collect.MapMakerInternalMap$Strength;                       : loaded 2 times (x 69B)
Class [Lcom.google.common.io.FileWriteMode;                                           : loaded 2 times (x 69B)
Class com.google.common.collect.Maps$AbstractFilteredMap                              : loaded 2 times (x 127B)
Class com.google.common.collect.SortedMapDifference                                   : loaded 2 times (x 70B)
Class com.google.common.base.CharMatcher$JavaLowerCase                                : loaded 2 times (x 111B)
Class com.google.common.collect.TransformedListIterator                               : loaded 2 times (x 93B)
Class com.google.common.cache.LocalCache$Values                                       : loaded 2 times (x 118B)
Class com.google.common.collect.Iterables$4                                           : loaded 2 times (x 81B)
Class com.google.common.collect.MapMakerInternalMap$StrongKeyDummyValueSegment        : loaded 2 times (x 142B)
Class com.google.common.io.Files                                                      : loaded 2 times (x 71B)
Class com.google.common.cache.LocalCache$WriteThroughEntry                            : loaded 2 times (x 79B)
Class com.google.common.cache.LocalCache$HashIterator                                 : loaded 2 times (x 86B)
Class com.google.common.cache.LocalCache$EntryFactory                                 : loaded 2 times (x 83B)
Class org.apache.commons.io.function.IOFunction                                       : loaded 2 times (x 70B)
Class com.google.common.reflect.TypeCapture                                           : loaded 2 times (x 71B)
Class com.google.common.collect.ImmutableMap$MapViewOfValuesAsSingletonSets           : loaded 2 times (x 125B)
Class com.google.common.collect.RegularImmutableMap                                   : loaded 2 times (x 121B)
Class com.google.common.reflect.TypeParameter                                         : loaded 2 times (x 72B)
Class [Lcom.google.common.collect.MapMaker$Dummy;                                     : loaded 2 times (x 69B)
Class com.google.common.collect.Iterables$5                                           : loaded 2 times (x 81B)
Class com.google.common.collect.NullsLastOrdering                                     : loaded 2 times (x 115B)
Class com.google.common.cache.LocalCache$AbstractReferenceEntry                       : loaded 2 times (x 107B)
Class com.google.common.base.Splitter$1$1                                             : loaded 2 times (x 86B)
Class com.google.common.base.CharMatcher$Whitespace                                   : loaded 2 times (x 112B)
Class org.gradle.internal.IoActions                                                   : loaded 2 times (x 71B)
Class org.apache.commons.io.FileSystem                                                : loaded 2 times (x 80B)
Class com.google.common.collect.ImmutableMapKeySet                                    : loaded 2 times (x 150B)
Class com.google.common.collect.ImmutableRangeSet$ComplementRanges                    : loaded 2 times (x 207B)
Class org.objectweb.asm.SymbolTable                                                   : loaded 2 times (x 72B)
Class com.google.common.cache.CacheLoader$InvalidCacheLoadException                   : loaded 2 times (x 82B)
Class com.google.common.collect.ImmutableSet$RegularSetBuilderImpl                    : loaded 2 times (x 77B)
Class com.google.common.base.CharMatcher$SingleWidth                                  : loaded 2 times (x 112B)
Class org.gradle.internal.classloader.SystemClassLoaderSpec                           : loaded 2 times (x 71B)
Class com.google.common.io.ByteArrayDataOutput                                        : loaded 2 times (x 70B)
Class kotlin.collections.EmptyMap                                                     : loaded 2 times (x 109B)
Class org.gradle.api.internal.classpath.ManifestUtil                                  : loaded 2 times (x 71B)
Class com.google.common.collect.ImmutableList$1                                       : loaded 2 times (x 97B)
Class com.google.common.collect.FluentIterable                                        : loaded 2 times (x 81B)
Class com.google.common.cache.LocalCache$StrongEntry                                  : loaded 2 times (x 108B)
Class com.google.common.util.concurrent.AbstractFuture$TrustedFuture                  : loaded 2 times (x 114B)
Class com.google.common.cache.LoadingCache                                            : loaded 2 times (x 70B)
Class com.google.common.util.concurrent.ExecutionError                                : loaded 2 times (x 82B)
Class com.google.common.collect.ImmutableEnumSet                                      : loaded 2 times (x 146B)
Class com.google.common.collect.AbstractMapBasedMultimap$WrappedCollection            : loaded 2 times (x 124B)
Class [Lcom.google.common.cache.RemovalCause;                                         : loaded 2 times (x 69B)
Class com.google.common.io.ByteStreams$LimitedInputStream                             : loaded 2 times (x 92B)
Class com.google.common.base.Suppliers$NonSerializableMemoizingSupplier               : loaded 2 times (x 79B)
Class org.objectweb.asm.MethodWriter                                                  : loaded 2 times (x 106B)
Class [Lcom.google.common.cache.Weigher;                                              : loaded 2 times (x 69B)
Class com.google.common.collect.RegularImmutableMap$BucketOverflowException           : loaded 2 times (x 82B)
Class kotlin.text.Charsets                                                            : loaded 2 times (x 71B)
Class com.google.common.collect.ImmutableBiMap$SerializedForm                         : loaded 2 times (x 75B)
Class Build_gradle$1$6                                                                : loaded 2 times (x 78B)
Class com.google.common.collect.AbstractMapBasedMultimap$RandomAccessWrappedList      : loaded 2 times (x 205B)
Class org.gradle.internal.classloader.ClassLoaderHierarchy                            : loaded 2 times (x 70B)
Class com.google.common.collect.AbstractIterator$State                                : loaded 2 times (x 79B)
Class com.google.common.collect.RegularImmutableBiMap                                 : loaded 2 times (x 148B)
Class com.google.common.cache.LocalCache$ValueReference                               : loaded 2 times (x 70B)
Class com.google.common.base.CharMatcher$Negated                                      : loaded 2 times (x 113B)
Class com.google.common.base.CharMatcher$Is                                           : loaded 2 times (x 111B)
Class com.google.common.base.CharMatcher$IsEither                                     : loaded 2 times (x 111B)
Class kotlin.text.CharsKt__CharKt                                                     : loaded 2 times (x 71B)
Class com.google.common.hash.PrimitiveSink                                            : loaded 2 times (x 70B)
Class com.google.common.util.concurrent.AbstractFuture$Failure                        : loaded 2 times (x 72B)
Class com.google.common.base.Equivalence$Equals                                       : loaded 2 times (x 82B)
Class com.google.common.collect.Hashing                                               : loaded 2 times (x 71B)
Class com.google.common.base.PatternCompiler                                          : loaded 2 times (x 70B)
Class com.google.common.base.Preconditions                                            : loaded 2 times (x 71B)
Class [Lcom.google.common.base.AbstractIterator$State;                                : loaded 2 times (x 69B)
Class com.google.common.collect.SortedSetMultimap                                     : loaded 2 times (x 70B)
Class com.google.common.collect.ImmutableSetMultimap                                  : loaded 2 times (x 180B)
Class com.google.common.io.CharSink                                                   : loaded 2 times (x 79B)
Class [Lorg.apache.commons.io.file.DeleteOption;                                      : loaded 2 times (x 69B)
Class com.google.common.collect.ByFunctionOrdering                                    : loaded 2 times (x 115B)
Class com.google.common.base.Joiner$1                                                 : loaded 2 times (x 80B)
Class org.objectweb.asm.Label                                                         : loaded 2 times (x 73B)
Class org.objectweb.asm.CurrentFrame                                                  : loaded 2 times (x 73B)
Class org.objectweb.asm.ClassTooLargeException                                        : loaded 2 times (x 83B)
Class com.google.common.collect.PeekingIterator                                       : loaded 2 times (x 70B)
Class com.google.common.base.CharMatcher                                              : loaded 2 times (x 111B)
Class com.google.common.io.FileWriteMode                                              : loaded 2 times (x 79B)
Class com.google.common.io.ByteSource$AsCharSource                                    : loaded 2 times (x 86B)
Class com.google.common.collect.MapMakerInternalMap$InternalEntryHelper               : loaded 2 times (x 70B)
Class com.google.common.collect.Table                                                 : loaded 2 times (x 70B)
Class com.google.common.collect.Maps$IteratorBasedAbstractMap                         : loaded 2 times (x 125B)
Class com.google.common.collect.RangeGwtSerializationDependencies                     : loaded 2 times (x 71B)
Class com.google.common.base.Joiner$2                                                 : loaded 2 times (x 79B)
Class org.objectweb.asm.Frame                                                         : loaded 2 times (x 73B)
Class org.objectweb.asm.MethodVisitor                                                 : loaded 2 times (x 105B)
Class com.google.common.cache.LocalCache$EntryFactory$1                               : loaded 2 times (x 83B)
Class [Lcom.google.common.cache.RemovalListener;                                      : loaded 2 times (x 69B)
Class com.google.common.base.CharMatcher$1                                            : loaded 2 times (x 113B)
Class com.google.common.base.CharMatcher$NamedFastMatcher                             : loaded 2 times (x 112B)
Class [Lcom.google.common.collect.MapMakerInternalMap$Segment;                        : loaded 2 times (x 69B)
Class com.google.common.cache.LocalCache$ValueIterator                                : loaded 2 times (x 86B)
Class com.google.common.collect.RangeSet                                              : loaded 2 times (x 70B)
Class com.google.common.cache.LocalCache$EntryFactory$2                               : loaded 2 times (x 83B)
Class org.gradle.api.internal.classpath.GlobalCacheRootsProvider                      : loaded 2 times (x 70B)
Class kotlin.sequences.FilteringSequence$iterator$1                                   : loaded 2 times (x 79B)
Class org.gradle.internal.classloader.FilteringClassLoader                            : loaded 2 times (x 105B)
Class com.google.common.collect.CollectCollectors                                     : loaded 2 times (x 71B)
Class org.objectweb.asm.ModuleWriter                                                  : loaded 2 times (x 82B)
Class com.google.common.cache.LocalCache$EntryFactory$3                               : loaded 2 times (x 83B)
Class com.google.common.base.Ticker$1                                                 : loaded 2 times (x 72B)
Class com.google.common.collect.ImmutableMapEntrySet$RegularEntrySet                  : loaded 2 times (x 151B)
Class com.google.common.collect.Maps$BiMapConverter                                   : loaded 2 times (x 90B)
Class [Lkotlin.jvm.functions.Function1;                                               : loaded 2 times (x 69B)
Class com.google.common.collect.SetMultimap                                           : loaded 2 times (x 70B)
Class com.google.common.cache.LocalCache$EntryFactory$4                               : loaded 2 times (x 83B)
Class com.google.common.collect.ImmutableSet$Builder                                  : loaded 2 times (x 85B)
Class com.google.common.base.CharMatcher$InRange                                      : loaded 2 times (x 111B)
Class Settings_gradle$1$1$1                                                           : loaded 2 times (x 75B)
Class com.google.common.collect.RegularImmutableMap$KeySet                            : loaded 2 times (x 150B)
Class com.google.common.io.ByteStreams$1                                              : loaded 2 times (x 85B)
Class com.google.common.collect.ReverseOrdering                                       : loaded 2 times (x 115B)
Class com.google.common.cache.LocalCache$EntryFactory$5                               : loaded 2 times (x 83B)
Class Settings_gradle$1$1$2                                                           : loaded 2 times (x 75B)
Class com.google.common.base.Equivalence$Identity                                     : loaded 2 times (x 82B)
Class com.google.common.base.PairwiseEquivalence                                      : loaded 2 times (x 83B)
Class com.google.common.collect.HashMultimap                                          : loaded 2 times (x 174B)
Class org.apache.commons.io.output.AppendableWriter                                   : loaded 2 times (x 100B)
Class com.google.common.cache.LocalCache$EntryFactory$6                               : loaded 2 times (x 83B)
Class org.gradle.internal.installation.CurrentGradleInstallationLocator               : loaded 2 times (x 71B)
Class com.google.common.io.ByteSource$SlicedByteSource                                : loaded 2 times (x 85B)
Class org.apache.commons.io.output.ThresholdingOutputStream                           : loaded 2 times (x 94B)
Class com.google.common.collect.Maps$KeySet                                           : loaded 2 times (x 137B)
Class com.google.common.cache.LocalCache$EntryFactory$7                               : loaded 2 times (x 83B)
Class com.google.common.collect.ImmutableSet$EmptySetBuilderImpl                      : loaded 2 times (x 76B)
Class com.google.common.collect.ImmutableList                                         : loaded 2 times (x 206B)
Class org.gradle.internal.service.DefaultServiceLocator                               : loaded 2 times (x 83B)
Class com.google.common.cache.LocalCache$SoftValueReference                           : loaded 2 times (x 97B)
Class com.google.common.collect.Maps$EntrySet                                         : loaded 2 times (x 136B)
Class com.google.common.collect.ComparisonChain$InactiveComparisonChain               : loaded 2 times (x 80B)
Class com.google.common.cache.LocalCache$EntryFactory$8                               : loaded 2 times (x 83B)
Class com.google.common.collect.ImmutableSet$SetBuilderImpl                           : loaded 2 times (x 76B)
Class org.gradle.internal.installation.CurrentGradleInstallation                      : loaded 2 times (x 73B)
Class com.google.common.collect.ForwardingObject                                      : loaded 2 times (x 72B)
Class com.google.common.cache.CacheLoader$1                                           : loaded 2 times (x 75B)
Class com.google.common.collect.ImmutableList$SubList                                 : loaded 2 times (x 208B)
Class org.gradle.util.internal.GUtil                                                  : loaded 2 times (x 71B)
Class com.google.common.io.LineReader                                                 : loaded 2 times (x 72B)
Class com.google.common.collect.TransformedIterator                                   : loaded 2 times (x 80B)
Class org.gradle.kotlin.dsl.ApiConfigurationAccessorsKt                               : loaded 2 times (x 71B)
Class com.google.common.io.ByteSource                                                 : loaded 2 times (x 84B)
Class com.google.common.util.concurrent.AbstractFuture$SetFuture                      : loaded 2 times (x 75B)
Class com.google.common.cache.AbstractCache$StatsCounter                              : loaded 2 times (x 70B)
Class com.google.common.io.LineBuffer                                                 : loaded 2 times (x 75B)
Class com.google.common.collect.MapMakerInternalMap$1                                 : loaded 2 times (x 83B)
Class com.google.common.collect.Iterators$MergingIterator                             : loaded 2 times (x 81B)
Class com.google.common.collect.RegularImmutableSet                                   : loaded 2 times (x 148B)
Class org.gradle.internal.installation.GradleInstallation                             : loaded 2 times (x 75B)
Class com.google.common.collect.ForwardingCollection                                  : loaded 2 times (x 130B)
Class com.google.common.collect.LexicographicalOrdering                               : loaded 2 times (x 115B)
Class com.google.common.collect.Iterables                                             : loaded 2 times (x 71B)
Class com.google.common.base.Splitter$Strategy                                        : loaded 2 times (x 70B)
Class kotlin.io.TextStreamsKt                                                         : loaded 2 times (x 71B)
Class com.google.common.collect.Lists$RandomAccessReverseList                         : loaded 2 times (x 200B)

---------------  S Y S T E M  ---------------

OS:
 Windows 11 , 64 bit Build 26100 (10.0.26100.7309)
OS uptime: 67 days 7:39 hours
Hyper-V role detected

CPU: total 20 (initial active 20) (10 cores per cpu, 2 threads per core) family 6 model 191 stepping 2 microcode 0x3a, cx8, cmov, fxsr, ht, mmx, 3dnowpref, sse, sse2, sse3, ssse3, sse4.1, sse4.2, popcnt, lzcnt, tsc, tscinvbit, avx, avx2, aes, erms, clmul, bmi1, bmi2, adx, sha, fma, vzeroupper, clflush, clflushopt, clwb, hv, serialize, rdtscp, rdpid, fsrm, f16c, cet_ibt, cet_ss
Processor Information for the first 20 processors :
  Max Mhz: 2500, Current Mhz: 2500, Mhz Limit: 2500

Memory: 4k page, system-wide physical 16095M (987M free)
TotalPageFile size 54496M (AvailPageFile size 8M)
current process WorkingSet (physical memory assigned to process): 984M, peak: 1135M
current process commit charge ("private bytes"): 1277M, peak: 1414M

vm_info: OpenJDK 64-Bit Server VM (21.0.9+-14787801-b1163.94) for windows-amd64 JRE (21.0.9+-14787801-b1163.94), built on 2026-01-27T21:15:44Z by "builder" with MS VC++ 16.10 / 16.11 (VS2019)

END.
